Dia Verão;PM Verão;%PV  Verão;Qtd Ração Und  Verão;%mortalidade  Verão;GDP  Verão;Marco de Gestao;Dia Inverno;PM Inverno;%PV Inverno;Qtd Ração Und  Inverno;%mortalidade  Inverno; GDP  Inverno ;Marco de Gestao c
1;0,5;0,1;0,05;1,50%;0,082728;;1;0,5;0,09405;0,047025;1,50%;0,055149;
2;0,58273;0,1;0,058273;1,50%;0,09;;2;0,55515;0,09405;0,052212;1,50%;0,055149;
3;0,66546;0,1;0,066546;1,40%;0,1;;3;0,6103;0,09405;0,057399;1,40%;0,055149;
4;0,74818;0,1;0,074818;1,30%;0,11;;4;0,66545;0,09405;0,062585;1,30%;0,055149;
5;0,83091;0,1;0,083091;1,20%;0,12;;5;0,7206;0,09405;0,067772;1,20%;0,055149;
6;0,91364;0,1;0,091364;1,10%;0,13;;6;0,77575;0,09405;0,072959;1,10%;0,055149;
7;0,99637;0,1;0,099637;1,00%;0,14;;7;0,8309;0,09405;0,078146;1,00%;0,055149;
8;1,07909;0,1003;0,108233;1,00%;0,148339;;8;0,88605;0,09405;0,083333;0,90%;0,055149;
9;1,22743;0,1003;0,123112;1,00%;0,16;;9;1,01977;0,09405;0,095909;0,90%;0,133721;
10;1,37577;0,1003;0,13799;0,90%;0,17;;10;1,15349;0,09405;0,108485;0,60%;0,133721;
11;1,52411;0,1003;0,152868;0,90%;0,18;;11;1,28721;0,09405;0,121062;0,40%;0,133721;
12;1,67245;0,1003;0,167747;0,90%;0,19;;12;1,42093;0,09405;0,133638;0,40%;0,133721;
13;1,82079;0,1003;0,182625;0,80%;0,2;;13;1,55465;0,09405;0,146215;0,40%;0,133721;
14;1,96913;0,1003;0,197504;0,80%;0,22;;14;1,68837;0,09405;0,158791;0,40%;0,133721;
15;2,11747;0,0887;0,18782;0,80%;0,242478;;15;1,82209;0,07712;0,140521;0,40%;0,133721;
16;2,35995;0,0887;0,209327;0,70%;0,26;;16;2,02267;0,07712;0,15599;0,30%;0,200581;
17;2,60242;0,0887;0,230835;0,70%;0,28;;17;2,22325;0,07712;0,171459;0,30%;0,200581;
18;2,8449;0,0887;0,252343;0,70%;0,3;;18;2,42383;0,07712;0,186928;0,30%;0,200581;
19;3,08738;0,0887;0,273851;0,60%;0,32;;19;2,62441;0,07712;0,202397;0,30%;0,200581;
20;3,32986;0,0887;0,295358;0,60%;0,34;;20;2,825;0,07712;0,217866;0,30%;0,200581;
21;3,57234;0,0887;0,316866;0,60%;0,39;;21;3,02558;0,07712;0,233335;0,30%;0,200581;
22;3,81481;0,0824;0,314341;0,50%;0,389391;;22;3,22616;0,07486;0,241522;0,10%;0,200581;
23;4,2042;0,0824;0,346426;0,50%;0,42;;23;3,56046;0,07486;0,26655;0,10%;0,334302;
24;4,59359;0,0824;0,378512;0,50%;0,45;;24;3,89476;0,07486;0,291577;0,10%;0,334302;
25;4,98299;0,0824;0,410598;0,50%;0,48205;;25;4,22906;0,07486;0,316604;0,10%;0,334302;
26;5,37238;0,0824;0,442684;0,40%;0,509058;;26;4,56337;0,07486;0,341631;0,10%;0,334302;
27;5,76177;0,0824;0,47477;0,40%;0,537235;;27;4,89767;0,07486;0,366658;0,10%;0,334302;
28;6,15116;0,0824;0,506855;0,40%;0,561774;;28;5,23197;0,07486;0,391685;0,10%;0,334302;
29;6,54055;0,0762;0,49839;0,40%;0,590505;;29;5,56627;0,07129;0,396819;0,10%;0,334302;
30;7,13105;0,0762;0,543386;0,30%;0,626615;;30;6,10115;0,07129;0,434951;0,10%;0,534883;
31;7,72156;0,0762;0,588383;0,30%;0,662726;;31;6,63604;0,07129;0,473082;0,10%;0,534883;
32;8,31206;0,0762;0,633379;0,30%;0,698837;;32;7,17092;0,07129;0,511214;0,10%;0,534883;
33;8,90257;0,0762;0,678376;0,30%;0,734948;;33;7,7058;0,07129;0,549346;0,10%;0,534883;
34;9,49307;0,0762;0,723372;0,20%;0,771059;;34;8,24068;0,07129;0,587478;0,10%;0,534883;
35;10,08358;0,0762;0,768368;0,20%;0,80717;;35;8,77557;0,07129;0,625609;0,10%;0,534883;
36;10,67408;0,0646;0,689546;0,20%;0,84328;;36;9,31045;0,06283;0,584933;0,10%;0,534883;
37;11,51736;0,0646;0,744021;0,20%;0,863847;;37;10,04591;0,06283;0,631139;0,10%;0,735464;
38;12,36064;0,0646;0,798497;0,20%;0,884414;;38;10,78138;0,06283;0,677344;0,10%;0,735464;
39;13,20392;0,0646;0,852973;0,10%;0,904981;;39;11,51684;0,06283;0,72355;0,10%;0,735464;
40;14,0472;0,0646;0,907449;0,10%;0,925548;;40;12,25231;0,06283;0,769756;0,10%;0,735464;
41;14,89048;0,0646;0,961925;0,10%;0,946114;;41;12,98777;0,06283;0,815962;0,10%;0,735464;
42;15,73376;0,0646;1,016401;0,10%;0,966681;;42;13,72323;0,06283;0,862168;0,10%;0,735464;
43;16,57704;0,0575;0,952603;0,10%;0,987248;;43;14,4587;0,04721;0,68264;0,10%;0,735464;
44;17,56429;0,0575;1,009336;0,10%;1,024734;;44;15,19416;0,04721;0,717363;0,10%;0,735464;
45;18,55154;0,0575;1,066068;0,10%;1,06222;;45;15,92963;0,04721;0,752087;0,10%;0,735464;
46;19,53879;0,0575;1,1228;0,10%;1,099706;;46;16,66509;0,04721;0,786811;0,10%;0,735464;
47;20,52604;0,0575;1,179533;0,10%;1,137191;;47;17,40055;0,04721;0,821534;0,10%;0,735464;
48;21,51328;0,0575;1,236265;0,10%;1,174677;;48;18,13602;0,04721;0,856258;0,10%;0,735464;
49;22,50053;0,0575;1,292998;0,10%;1,212163;;49;18,87148;0,04721;0,890981;0,10%;0,735464;
50;23,48778;0,0529;1,242269;0,10%;1,249649;;50;19,60695;0,04721;0,925705;0,10%;0,735464;
51;24,73743;0,0529;1,308363;0,10%;1,297594;;51;20,58979;0,04721;0,972108;0,50%;0,982847;
52;25,98708;0,0529;1,374457;0,10%;1,34554;;52;21,57264;0,04721;1,018511;0,50%;0,982847;
53;27,23673;0,0529;1,44055;0,10%;1,393485;;53;22,55549;0,04721;1,064914;0,40%;0,982847;
54;28,48638;0,0529;1,506644;0,10%;1,44143;;54;23,53833;0,04721;1,111318;0,30%;0,982847;
55;29,73602;0,0529;1,572738;0,10%;1,489376;;55;24,52118;0,04721;1,157721;0,20%;0,982847;
56;30,98567;0,0529;1,638832;0,10%;0,08;Class 1;56;25,50403;0,04721;1,204124;0,10%;0,982847;
57;32,23532;0,0499;1,607692;0,50%;1,585267;;57;26,48688;0,04486;1,18825;0,05%;0,982847;
58;33,82059;0,0499;1,686754;0,50%;1,650583;;58;27,71042;0,04486;1,243141;0,05%;1,223545;
59;35,40586;0,0499;1,765817;0,50%;1,7159;;59;28,93397;0,04486;1,298031;0,05%;1,223545;
60;36,99112;0,0499;1,84488;0,50%;1,781216;;60;30,15751;0,04486;1,352922;8,00%;1,223545;Class 1
61;38,57639;0,0499;1,923943;0,50%;1,846533;;61;31,38105;0,04486;1,407812;0,05%;1,223545;
62;40,16165;0,0499;2,003006;0,50%;1,911849;;62;32,6046;0,04486;1,462703;0,05%;1,223545;
63;41,74692;0,0499;2,082069;0,50%;1,977166;;63;33,82814;0,04486;1,517593;0,05%;1,223545;
64;43,33219;0,0486;2,106217;0,50%;2,042483;;64;35,05169;0,04345;1,523034;0,05%;1,223545;
65;45,37467;0,0486;2,205495;0,50%;2,108241;;65;36,58948;0,04345;1,589853;0,09%;1,537788;
66;47,41715;0,0486;2,304772;0,50%;2,173999;;66;38,12726;0,04345;1,656672;0,09%;1,537788;
67;49,45964;0,0486;2,40405;0,50%;2,239757;;67;39,66505;0,04345;1,72349;0,09%;1,537788;
68;51,50212;0,0486;2,503327;0,50%;2,305515;;68;41,20284;0,04345;1,790309;0,09%;1,537788;
69;53,5446;0,0486;2,602605;0,50%;2,371273;;69;42,74063;0,04345;1,857127;0,09%;1,537788;
70;55,58708;0,0486;2,701882;0,40%;2,437031;;70;44,27842;0,04345;1,923946;0,09%;1,537788;
71;57,62957;0,0465;2,681665;0,40%;2,502789;;71;45,81621;0,04157;1,904584;0,09%;1,537788;
72;60,13236;0,0465;2,798127;0,40%;2,563626;;72;47,71504;0,04157;1,983519;0,09%;1,898834;
73;62,63514;0,0465;2,914589;0,40%;2,624463;;73;49,61387;0,04157;2,062454;0,09%;1,898834;
74;65,13793;0,0465;3,03105;0,40%;2,685299;;74;51,51271;0,04157;2,141388;0,09%;1,898834;
75;67,64072;0,0465;3,147512;0,40%;2,746136;;75;53,41154;0,04157;2,220323;0,09%;1,898834;
76;70,14351;0,0465;3,263974;0,40%;2,806973;;76;55,31038;0,04157;2,299258;0,09%;1,898834;
77;72,6463;0,0465;3,380436;0,40%;2,867809;;77;57,20921;0,04157;2,378193;0,09%;1,898834;
78;75,14909;0,0435;3,265807;0,40%;2,928646;;78;59,10804;0,04044;2,390418;0,09%;1,898834;
79;78,07774;0,0435;3,393079;0,40%;3,014365;;79;61,48827;0,04044;2,486678;0,09%;2,380229;
80;81,00638;0,0435;3,520351;0,40%;3,100084;;80;63,8685;0,04044;2,582938;0,09%;2,380229;
81;83,93503;0,0435;3,647623;0,40%;3,185803;;81;66,24873;0,04044;2,679198;0,09%;2,380229;
82;86,86368;0,0435;3,774896;0,40%;3,271522;;82;68,62896;0,04044;2,775458;0,09%;2,380229;
83;89,79232;0,0435;3,902168;0,30%;3,357241;;83;71,00919;0,04044;2,871718;0,09%;2,380229;
84;92,72097;0,0435;4,02944;0,30%;3,442959;;84;73,38942;0,04044;2,967978;0,09%;2,380229;
85;95,64961;0,0422;4,038135;0,30%;3,528678;;85;75,76965;0,03809;2,886085;0,09%;2,380229;
86;99,17829;0,0422;4,187109;0,30%;3,597243;;86;78,6179;0,03809;2,994575;0,09%;2,848251;
87;102,70697;0,0422;4,336083;0,30%;3,665807;;87;81,46615;0,03809;3,103066;0,09%;2,848251;
88;106,23565;0,0422;4,485057;0,30%;3,734371;;88;84,3144;0,03809;3,211557;0,09%;2,848251;
89;109,76433;0,0422;4,63403;0,30%;3,802935;;89;87,16265;0,03809;3,320047;0,09%;2,848251;
90;113,29301;0,0422;4,783004;0,30%;3,871499;;90;90,0109;0,03809;3,428538;0,09%;2,848251;
91;116,82168;0,0422;4,931978;0,30%;3,940063;;91;92,85915;0,03809;3,537028;0,09%;2,848251;
92;120,35036;0,039;4,694852;0,01%;4,008627;Class 2;92;95,7074;0,03621;3,465493;0,09%;2,848251;
93;124,35899;0,039;4,851228;0,30%;4,065943;;93;98,94679;0,03621;3,582789;0,09%;3,239384;
94;128,36762;0,039;5,007604;0,30%;4,123259;;94;102,18617;0,03621;3,700085;0,09%;3,239384;
95;132,37624;0,039;5,16398;0,30%;4,180575;;95;105,42556;0,03621;3,81738;0,09%;3,239384;
96;136,38487;0,039;5,320356;0,30%;4,237892;;96;108,66494;0,03621;3,934676;0,09%;3,239384;
97;140,3935;0,039;5,476732;0,30%;4,295208;;97;111,90433;0,03621;4,051972;0,09%;3,239384;
98;144,40213;0,039;5,633108;0,30%;4,352524;;98;115,14371;0,03621;4,169267;0,09%;3,239384;
99;148,41075;0,0357;5,305525;0,30%;4,40984;;99;118,38309;0,03358;3,974813;0,09%;3,239384;
100;152,82059;0,0357;5,463172;0,30%;4,468439;;100;121,96347;0,03358;4,095027;6,00%;3,580372;Class 2
101;157,23043;0,0357;5,620819;0,20%;4,527039;;101;125,54384;0,03358;4,215241;0,09%;3,580372;
102;161,64027;0,0357;5,778466;0,20%;4,585639;;102;129,12421;0,03358;4,335455;0,09%;3,580372;
103;166,05011;0,0357;5,936113;0,20%;4,644239;;103;132,70458;0,03358;4,455669;0,09%;3,580372;
104;170,45995;0,0357;6,09376;0,20%;4,702838;;104;136,28495;0,03358;4,575883;0,09%;3,580372;
105;174,86979;0,0357;6,251407;0,20%;4,761438;;105;139,86533;0,03358;4,696097;0,09%;3,580372;
106;179,27963;0,0332;5,951755;0,20%;4,820038;;106;143,4457;0,03113;4,465543;0,09%;3,580372;
107;184,09967;0,0332;6,111771;0,20%;4,856178;;107;147,37709;0,03113;4,58793;0,09%;3,931389;
108;188,91971;0,0332;6,271788;0,20%;4,892319;;108;151,30848;0,03113;4,710316;0,09%;3,931389;
109;193,73974;0,0332;6,431804;0,20%;4,928459;;109;155,23987;0,03113;4,832702;0,09%;3,931389;
110;198,55978;0,0332;6,59182;0,20%;4,964599;;110;159,17126;0,03113;4,955089;0,09%;3,931389;
111;203,37982;0,0332;6,751837;0,20%;5,00074;;111;163,10264;0,03113;5,077475;0,09%;3,931389;
112;208,19986;0,0332;6,911853;0,20%;5,03688;;112;167,03403;0,03113;5,199861;0,09%;3,931389;
113;213,0199;0,0304;6,465277;0,20%;5,07302;;113;170,96542;0,02859;4,888107;0,09%;3,931389;
114;218,09292;0,0304;6,619246;0,20%;5,112434;;114;175,12414;0,02859;5,007009;0,09%;4,158714;
115;223,16594;0,0304;6,773215;0,20%;5,151848;;115;179,28285;0,02859;5,125912;0,09%;4,158714;
116;228,23896;0,0304;6,927184;0,20%;5,191262;;116;183,44156;0,02859;5,244814;0,09%;4,158714;
117;233,31198;0,0304;7,081153;0,20%;5,230676;;117;187,60028;0,02859;5,363717;0,09%;4,158714;
118;238,385;0,0304;7,235122;0,20%;5,27009;;118;191,75899;0,02859;5,48262;0,09%;4,158714;
119;243,45802;0,0304;7,389091;0,20%;5,309503;;119;195,91771;0,02859;5,601522;0,09%;4,158714;
120;248,53104;0,0282;7,011343;0,20%;5,348917;;120;200,07642;0,0268;5,362898;0,10%;4,158714;
121;253,87996;0,0282;7,162242;0,20%;5,386523;;121;204,48252;0,0268;5,481001;0,50%;4,406098;
122;259,22887;0,0282;7,313141;0,20%;5,424128;;122;208,88862;0,0268;5,599103;0,50%;4,406098;
123;264,57779;0,0282;7,46404;0,20%;5,461733;;123;213,29471;0,0268;5,717205;0,50%;4,406098;
124;269,92671;0,0282;7,614939;0,20%;5,499338;;124;217,70081;0,0268;5,835307;0,50%;4,406098;
125;275,27562;0,0282;7,765838;0,20%;5,536943;;125;222,10691;0,0268;5,953409;0,50%;4,406098;
126;280,62454;0,0282;7,916737;0,20%;5,574549;;126;226,51301;0,0268;6,071511;0,50%;4,406098;
127;285,97346;0,0273;7,801129;0,20%;5,612154;;127;230,9191;0,02502;5,776972;0,30%;4,406098;
128;291,58561;0,0273;7,954224;0,20%;5,631895;;128;235,5659;0,02502;5,893223;0,30%;4,646795;
129;297,19777;0,0273;8,107319;0,20%;5,651636;;129;240,21269;0,02502;6,009473;0,30%;4,646795;
130;302,80992;0,0273;8,260414;0,20%;5,671377;;130;244,85949;0,02502;6,125723;0,30%;4,646795;
131;308,42208;0,0273;8,413509;0,20%;5,691118;;131;249,50628;0,02502;6,241974;0,30%;4,646795;
132;314,03423;0,0273;8,566605;0,20%;5,710859;;132;254,15308;0,02502;6,358224;0,30%;4,646795;
133;319,64638;0,0273;8,7197;0,20%;5,7306;;133;258,79987;0,02502;6,474474;0,30%;4,646795;
134;325,25854;0,0251;8,17915;0,20%;5,750341;;134;263,44667;0,02304;6,070404;0,30%;4,646795;
135;331,00888;0,0251;8,323751;0,20%;5,773461;;135;268,23387;0,02304;6,180712;0,30%;4,787202;
136;336,75922;0,0251;8,468353;0,20%;5,796582;;136;273,02107;0,02304;6,29102;0,30%;4,787202;
137;342,50956;0,0251;8,612955;0,20%;5,819703;;137;277,80827;0,02304;6,401328;0,30%;4,787202;
138;348,2599;0,0251;8,757556;0,20%;5,842824;;138;282,59547;0,02304;6,511636;0,30%;4,787202;
139;354,01024;0,0251;8,902158;0,20%;5,865944;;139;287,38268;0,02304;6,621943;0,30%;4,787202;
140;359,76058;0,0251;9,046759;0,20%;5,889065;;140;292,16988;0,02304;6,732251;0,30%;4,787202;
141;365,51092;0,0234;8,559712;0,20%;5,912186;;141;296,95708;0,02163;6,423627;0,20%;4,787202;
142;371,42311;0,0234;8,698167;0,20%;5,932452;;142;301,90475;0,02163;6,530652;0,20%;4,947666;
143;377,33529;0,0234;8,836621;0,10%;5,952718;;143;306,85241;0,02163;6,637678;0,20%;4,947666;
144;383,24748;0,0234;8,975076;0,10%;5,972985;;144;311,80008;0,02163;6,744703;0,20%;4,947666;
145;389,15966;0,0234;9,11353;0,10%;5,993251;;145;316,74774;0,02163;6,851729;0,20%;4,947666;
146;395,07185;0,0234;9,251985;0,10%;6,013517;;146;321,69541;0,02163;6,958754;0,20%;4,947666;
147;400,98404;0,0234;9,390439;0,10%;6,033783;;147;326,64308;0,02163;7,06578;0,20%;4,947666;
148;406,89622;0,0219;8,908452;0,10%;6,05405;;148;331,59074;0,02069;6,860944;0,20%;4,947666;
149;412,95027;0,0219;9,040997;0,10%;6,07647;;149;336,6855;0,02069;6,96636;0,20%;5,094759;
150;419,00432;0,0219;9,173543;0,10%;6,09889;;150;341,78026;0,02069;7,071775;0,20%;5,094759;
151;425,05837;0,0219;9,306088;0,10%;6,121311;;151;346,87502;0,02069;7,177191;0,20%;5,094759;
152;431,11242;0,0219;9,438633;0,10%;6,143731;;152;351,96978;0,02069;7,282607;0,20%;5,094759;
153;437,16647;0,0219;9,571179;0,10%;6,166152;;153;357,06454;0,02069;7,388022;0,20%;5,094759;
154;443,22052;0,0219;9,703724;0,10%;6,188572;;154;362,1593;0,02069;7,493438;0,20%;5,094759;
155;449,27457;0,0208;9,332015;0,10%;6,210993;;155;367,25406;0,01995;7,325986;0,20%;5,094759;
156;455,48556;0,0208;9,461025;0,10%;6,228195;;156;372,50928;0,01995;7,430817;0,20%;5,255224;
157;461,69656;0,0208;9,590036;0,10%;6,245397;;157;377,76451;0,01995;7,535648;0,20%;5,255224;
158;467,90755;0,0208;9,719046;0,10%;6,262599;;158;383,01973;0,01995;7,640479;0,20%;5,255224;
159;474,11854;0,0208;9,848057;0,10%;6,279801;;159;388,27495;0,01995;7,745311;0,20%;5,255224;
160;480,32953;0,0208;9,977067;0,10%;6,297003;;160;393,53018;0,01995;7,850142;0,20%;5,255224;
161;486,54053;0,0208;10,106077;0,10%;6,314205;;161;398,7854;0,01995;7,954973;0,20%;5,255224;
162;492,75152;0,0196;9,633949;0,10%;6,331407;;162;404,04063;0,01919;7,752004;0,20%;5,255224;
163;499,08293;0,0196;9,757737;0,10%;6,353345;;163;409,42623;0,01919;7,855334;0,20%;5,385602;
164;505,41433;0,0196;9,881524;0,10%;6,375282;;164;414,81183;0,01919;7,958663;0,20%;5,385602;
165;511,74574;0,0196;10,005311;0,10%;6,39722;;165;420,19743;0,01919;8,061992;0,20%;5,385602;
166;518,07715;0,0196;10,129099;0,10%;6,419157;;166;425,58303;0,01919;8,165321;0,20%;5,385602;
167;524,40855;0,0196;10,252886;0,10%;6,441095;;167;430,96864;0,01919;8,26865;0,20%;5,385602;
168;530,73996;0,0196;10,376674;0,10%;6,463032;;168;436,35424;0,01919;8,37198;0,20%;5,385602;
169;537,07137;0,0186;10,007099;0,10%;6,48497;;169;441,73984;0,01841;8,13048;0,20%;5,385602;
170;543,55634;0,0186;10,127932;0,10%;6,503297;;170;447,28591;0,01841;8,232559;0,20%;5,546067;
171;550,04131;0,0186;10,248764;0,10%;6,521625;;171;452,83197;0,01841;8,334637;0,20%;5,546067;
172;556,52628;0,0186;10,369597;0,10%;6,539953;;172;458,37804;0,01841;8,436716;0,20%;5,546067;
173;563,01125;0,0186;10,490429;0,10%;6,55828;;173;463,92411;0,01841;8,538795;0,20%;5,546067;
174;569,49622;0,0186;10,611262;0,10%;6,576608;;174;469,47017;0,01841;8,640873;0,20%;5,546067;
175;575,98119;0,0186;10,732095;0,10%;6,594936;;175;475,01624;0,01841;8,742952;0,20%;5,546067;
176;582,46616;0,0178;10,376881;0,10%;6,613263;;176;480,56231;0,01761;8,460857;0,20%;5,546067;
177;589,07942;0,0178;10,494699;0,10%;6,623303;;177;486,24878;0,01761;8,560974;0,20%;5,686473;
178;595,69268;0,0178;10,612517;0,10%;6,633344;;178;491,93525;0,01761;8,661091;0,20%;5,686473;
179;602,30594;0,0178;10,730335;0,10%;6,643384;;179;497,62173;0,01761;8,761208;0,20%;5,686473;
180;608,91921;0,0178;10,848153;0,10%;6,653424;;180;503,3082;0,01761;8,861325;0,20%;5,686473;
181;615,53247;0,0178;10,965971;0,10%;6,663464;;181;508,99467;0,01761;8,961442;0,20%;5,686473;
182;622,14573;0,0178;11,083789;0,10%;6,673504;;182;514,68115;0,01761;9,061559;0,10%;5,686473;
183;628,759;0,0169;10,626223;0,10%;6,683545;;183;520,36762;0,0168;8,742176;0,10%;5,686473;
184;635,44254;0,0169;10,739177;0,10%;6,693434;;184;526,1477;0,0168;8,839281;0,10%;5,780078;
185;642,12609;0,0169;10,852131;0,10%;6,703324;;185;531,92778;0,0168;8,936387;0,10%;5,780078;
186;648,80963;0,0169;10,965085;0,10%;6,713214;;186;537,70785;0,0168;9,033492;0,10%;5,780078;
187;655,49318;0,0169;11,078039;0,10%;6,723104;;187;543,48793;0,0168;9,130597;0,10%;5,780078;
188;662,17672;0,0169;11,190993;0,10%;6,732994;;188;549,26801;0,0168;9,227703;0,10%;5,780078;
189;668,86027;0,0169;11,303947;0,10%;6,742884;;189;555,04809;0,0168;9,324808;0,10%;5,780078;
190;675,54381;0,0163;11,0012;0,10%;6,752773;;190;560,82816;0,01622;9,095511;0,10%;5,780078;
191;682,29658;0,0163;11,111168;0,10%;6,762513;;191;566,70185;0,01622;9,190771;0,10%;5,873682;
192;689,04936;0,0163;11,221137;0,10%;6,772252;;192;572,57553;0,01622;9,28603;0,10%;5,873682;
193;695,80213;0,0163;11,331106;0,10%;6,781992;;193;578,44921;0,01622;9,381289;0,10%;5,873682;
194;702,5549;0,0163;11,441074;0,10%;6,791731;;194;584,32289;0,01622;9,476549;0,10%;5,873682;
195;709,30768;0,0163;11,551043;0,10%;6,801471;;195;590,19658;0,01622;9,571808;0,10%;5,873682;
196;716,06045;0,0163;11,661011;0,10%;6,81121;;196;596,07026;0,01622;9,667067;0,10%;5,873682;
197;722,81322;0,0157;11,327644;0,10%;6,82095;;197;601,94394;0,01573;9,467976;0,10%;5,873682;
198;729,63417;0,0157;11,434539;0,10%;6,826448;;198;607,91123;0,01573;9,561836;0,10%;5,967287;
199;736,45512;0,0157;11,541434;0,10%;6,831946;;199;613,87851;0,01573;9,655695;0,10%;5,967287;
200;743,27607;0,0157;11,648329;0,10%;6,837445;;200;619,8458;0,01573;9,749555;0,10%;5,967287;
201;750,09702;0,0157;11,755225;0,10%;6,842943;;201;625,81309;0,01573;9,843414;0,10%;5,967287;
202;756,91797;0,0157;11,86212;0,10%;6,848441;;202;631,78038;0,01573;9,937274;0,10%;5,967287;
203;763,73892;0,0157;11,969015;0,10%;6,85394;;203;637,74766;0,01573;10,031133;0,10%;5,967287;
204;770,55987;0,0149;11,450292;0,10%;6,859438;;204;643,71495;0,01544;9,941534;0,10%;5,967287;
205;777,41931;0,0149;11,552222;0,10%;6,864824;;205;649,75244;0,01544;10,034777;0,10%;6,03749;
206;784,27875;0,0149;11,654151;0,10%;6,870211;;206;655,78993;0,01544;10,12802;0,10%;6,03749;
207;791,13819;0,0149;11,75608;0,10%;6,875597;;207;661,82742;0,01544;10,221263;0,10%;6,03749;
208;797,99762;0,0149;11,858009;0,10%;6,880984;;208;667,86491;0,01544;10,314506;0,10%;6,03749;
209;804,85706;0,0149;11,959938;0,10%;6,88637;;209;673,9024;0,01544;10,407749;0,10%;6,03749;
210;811,7165;0,0149;12,061868;0,10%;6,891757;;210;679,93989;0,01544;10,500992;0,10%;6,03749;
211;818,57594;0,0141;11,582258;0,10%;6,897143;;211;685,97738;0,01526;10,468015;0,10%;6,03749;
212;825,47308;0,0141;11,679848;0,10%;6,902611;;212;692,08507;0,01526;10,561218;0,10%;6,107694;
213;832,37022;0,0141;11,777438;0,10%;6,90808;;213;698,19277;0,01526;10,654422;0,10%;6,107694;
214;839,26737;0,0141;11,875027;0,10%;6,913548;;214;704,30046;0,01526;10,747625;0,10%;6,107694;
215;846,16451;0,0141;11,972617;0,10%;6,919016;;215;710,40816;0,01526;10,840828;0,10%;6,107694;
216;853,06165;0,0141;12,070206;0,10%;6,924484;;216;716,51585;0,01526;10,934032;0,10%;6,107694;
217;859,9588;0,0141;12,167796;0,10%;6,929952;;217;722,62354;0,01526;11,027235;0,10%;6,107694;
218;866,85594;0,0135;11,736515;0,10%;6,93542;;218;728,73124;0,01485;10,821659;0,10%;6,107694;
219;873,79136;0,0135;11,830415;0,10%;6,940775;;219;734,90913;0,01485;10,913401;0,10%;6,177897;
220;880,72678;0,0135;11,924315;0,10%;6,946129;;220;741,08703;0,01485;11,005142;0,10%;6,177897;
221;887,6622;0,0135;12,018214;0,10%;6,951484;;221;747,26493;0,01485;11,096884;0,10%;6,177897;
222;894,59762;0,0135;12,112114;0,10%;6,956838;;222;753,44282;0,01485;11,188626;0,10%;6,177897;
223;901,53304;0,0135;12,206014;0,10%;6,962193;Pronto;223;759,62072;0,01485;11,280368;0,10%;6,177897;
224;908,46846;0,0135;12,299914;0,10%;6,967547;;224;765,79862;0,01485;11,372109;0,10%;6,177897;
225;915,40388;0,013;11,926852;0,10%;6,972902;;225;771,97652;0,0143;11,039264;0,10%;6,177897;
226;922,37678;0,013;12,017702;0,10%;6,977758;;226;778,22462;0,0143;11,128612;0,10%;6,2481;
227;929,34969;0,013;12,108553;0,10%;6,982614;;227;784,47272;0,0143;11,21796;0,10%;6,2481;
228;936,32259;0,013;12,199403;0,10%;6,98747;;228;790,72082;0,0143;11,307308;0,10%;6,2481;
229;943,29549;0,013;12,290254;0,10%;6,992326;;229;796,96892;0,0143;11,396656;0,10%;6,2481;
230;950,26839;0,013;12,381104;0,10%;6,997182;;230;803,21702;0,0143;11,486003;0,10%;6,2481;
231;957,24129;0,013;12,471954;0,05%;7,002038;;231;809,46512;0,0143;11,575351;0,05%;6,2481;
232;964,2142;0,0125;12,071965;0,05%;7,006894;;232;815,71322;0,01397;11,395514;0,05%;6,2481;
233;971,22109;0,0125;12,159691;0,05%;7,012216;;233;822,03152;0,01397;11,48378;0,05%;6,318304;
234;978,22798;0,0125;12,247417;0,05%;7,017537;;234;828,34983;0,01397;11,572047;0,05%;6,318304;
235;985,23488;0,0125;12,335144;0,05%;7,022858;;235;834,66813;0,01397;11,660314;0,05%;6,318304;
236;992,24177;0,0125;12,42287;0,05%;7,028179;;236;840,98643;0,01397;11,74858;0,05%;6,318304;
237;999,24867;0,0125;12,510596;0,05%;7,033501;;237;847,30474;0,01397;11,836847;0,05%;6,318304;
238;1006,25556;0,0125;12,598323;0,05%;7,038822;;238;853,62304;0,01397;11,925114;0,05%;6,318304;
239;1013,26246;0,0121;12,271096;0,05%;7,044143;;239;859,94134;0,01364;11,7296;0,05%;6,318304;
240;1020,3066;0,0121;12,356404;0,05%;7,048776;;240;866,32985;0,01364;11,816739;0,05%;6,388507;
241;1027,35074;0,0121;12,441712;0,05%;7,053408;;241;872,71836;0,01364;11,903878;0,05%;6,388507;
242;1034,39489;0,0121;12,52702;0,05%;7,05804;;242;879,10687;0,01364;11,991018;0,05%;6,388507;
243;1041,43903;0,0121;12,612328;0,05%;7,062673;;243;885,49537;0,01364;12,078157;0,05%;6,388507;
244;1048,48317;0,0121;12,697636;0,05%;7,067305;;244;891,88388;0,01364;12,165296;0,05%;6,388507;
245;1055,52732;0,0121;12,782944;0,05%;7,071937;;245;898,27239;0,01364;12,252435;5,00%;6,388507;Pronto
246;1062,57146;0,0117;12,434005;0,05%;7,07657;;246;904,66089;0,01331;12,041036;0,05%;6,388507;
247;1069,64803;0,0117;12,516813;0,05%;7,081663;;247;911,1196;0,01331;12,127002;0,05%;6,458711;
248;1076,7246;0,0117;12,599622;0,05%;7,086757;;248;917,57832;0,01331;12,212967;0,05%;6,458711;
249;1083,80117;0,0117;12,68243;0,05%;7,091851;;249;924,03703;0,01331;12,298933;0,05%;6,458711;
250;1090,87774;0,0117;12,765239;0,05%;7,096945;;250;930,49574;0,01331;12,384898;0,05%;6,458711;
251;1097,95431;0,0117;12,848048;0,05%;7,102039;;251;936,95445;0,01331;12,470864;0,05%;6,458711;
252;1105,03088;0,0117;12,930856;0,05%;7,107133;;252;943,41316;0,01331;12,556829;0,05%;6,458711;
253;1112,10745;0,0113;12,560129;0,05%;7,112227;;253;949,87187;0,01298;12,329337;0,05%;6,458711;
254;1119,21967;0,0113;12,640455;0,05%;7,116635;;254;956,40078;0,01298;12,414082;0,05%;6,528914;
255;1126,3319;0,0113;12,72078;0,05%;7,121044;;255;962,9297;0,01298;12,498827;0,05%;6,528914;
256;1133,44413;0,0113;12,801105;0,05%;7,125453;;256;969,45861;0,01298;12,583573;0,05%;6,528914;
257;1140,55635;0,0113;12,881431;0,05%;7,129861;;257;975,98752;0,01298;12,668318;0,05%;6,528914;
258;1147,66858;0,0113;12,961756;0,05%;7,13427;;258;982,51644;0,01298;12,753063;0,05%;6,528914;
259;1154,78081;0,0113;13,042082;0,05%;7,138678;;259;989,04535;0,01298;12,837809;0,05%;6,528914;
260;1161,89303;0,0109;12,649583;0,05%;7,143087;;260;995,57426;0,01265;12,594014;0,05%;6,528914;
261;1169,03612;0,0109;12,727351;0,05%;7,147764;;261;1002,17338;0,01265;12,677493;0,05%;6,599117;
262;1176,17921;0,0109;12,805118;0,05%;7,152441;;262;1008,7725;0,01265;12,760972;0,05%;6,599117;
263;1183,32229;0,0109;12,882885;0,05%;7,157118;;263;1015,37162;0,01265;12,844451;0,05%;6,599117;
264;1190,46538;0,0109;12,960652;0,05%;7,161796;;264;1021,97073;0,01265;12,92793;0,05%;6,599117;
265;1197,60847;0,0109;13,038419;0,05%;7,166473;;265;1028,56985;0,01265;13,011409;0,05%;6,599117;
266;1204,75156;0,0109;13,116186;0,05%;7,17115;;266;1035,16897;0,01265;13,094887;0,05%;6,599117;
267;1211,89464;0,0105;12,737013;0,05%;7,175827;;267;1041,76809;0,01221;12,719988;0,05%;6,599117;
268;1219,07047;0,0105;12,812431;0,05%;7,183063;;268;1048,43741;0,01221;12,801421;0,05%;6,669321;
269;1226,2463;0,0105;12,887849;0,05%;7,190299;;269;1055,10673;0,01221;12,882853;0,05%;6,669321;
270;1233,42212;0,0105;12,963267;0,05%;7,197535;;270;1061,77605;0,01221;12,964286;0,05%;6,669321;
271;1240,59795;0,0105;13,038684;0,05%;7,204771;;271;1068,44537;0,01221;13,045718;0,05%;6,669321;
272;1247,77378;0,0105;13,114102;0,05%;7,212007;;272;1075,11469;0,01221;13,12715;0,05%;6,669321;
273;1254,94961;0,0105;13,18952;0,05%;7,219243;;273;1081,78401;0,01221;13,208583;0,05%;6,669321;
274;1262,12543;0,0103;13,024377;0,05%;7,226478;;274;1088,45333;0,01177;12,811096;0,05%;6,669321;
275;1269,35191;0,0103;13,09895;0,05%;7,23341;;275;1095,24214;0,01177;12,891;0,05%;6,78881;
276;1276,57839;0,0103;13,173523;0,05%;7,240342;;276;1102,03095;0,01177;12,970904;0,05%;6,78881;
277;1283,80487;0,0103;13,248096;0,05%;7,247273;;277;1108,81976;0,01177;13,050809;0,05%;6,78881;
278;1291,03135;0,0103;13,322669;0,05%;7,254205;;278;1115,60857;0,01177;13,130713;0,05%;6,78881;
279;1298,25782;0,0103;13,397242;0,05%;7,261137;;279;1122,39738;0,01177;13,210617;0,05%;6,78881;
280;1305,4843;0,0103;13,471815;0,05%;7,268068;;280;1129,18619;0,01177;13,290521;0,05%;6,78881;
