Status;Tanque;Grupo de Peixes;Unidade Produtiva;Tipo de Tanque;Capacidade;und.;Volume;und;Fase de Produção
Ativa;V03;V03-LA04;SFS;A(60x40);50.000;px;2.400;m³;Alevinagem
Ativa;V07;V07-LA02;SFS;A(60x40);50.000;px;2.400;m³;Alevinagem
Ativa;V08;V08-LA03;SFS;A(60x40);50.000;px;2.400;m³;Alevinagem
Ativa;V09;V09-LA03;SFS;A(60x40);50.000;px;2.400;m³;Alevinagem
Ativa;V10;V10-LA02;SFS;A(60x40);50.000;px;2.400;m³;Alevinagem
Ativa;V11 ;V11-LA04;SFS;A(60x40);50.000;px;2.400;m³;Alevinagem
Ativa;V12;V12-LA03;SFS;A(60x40);50.000;px;2.400;m³;Alevinagem
Ativa;V13;V13-LA04;SFS;A(60x40);50.000;px;2.400;m³;Alevinagem
Ativa;V14;V14-LA04;SFS;A(60x40);50.000;px;2.400;m³;Alevinagem
Ativa;V15;V15-LA02;SFS;A(60x40);50.000;px;2.400;m³;Alevinagem
Ativa;V16;V16-LA03;SFS;A(60x40);50.000;px;2.400;m³;Alevinagem
Ativa;V17;V17-LA04;SFS;A(60x40);50.000;px;2.400;m³;Alevinagem
Ativa;V18;V18-LA04;SFS;A(60x40);50.000;px;2.400;m³;Alevinagem
Ativa;V19;V19-LA04;SFS;A(60x40);50.000;px;2.400;m³;Alevinagem
Ativa;V20;V20-LA04;SFS;A(60x40);50.000;px;2.400;m³;Alevinagem
Ativa;V21;V21-LA04;SFS;A(60x40);50.000;px;2.400;m³;Alevinagem
Ativa;V22;V22-LE05;SFS;A(60x40);50.000;px;2.400;m³;Alevinagem
Ativa;V23;V23-LE05;SFS;A(60x40);50.000;px;2.400;m³;Alevinagem
Ativa;V01;V01-LA02;QTR;A(60x40);60.000;px;2.400;m³;Alevinagem
Ativa;V02;V02-LA04;QTR;A(60x40);60.000;px;2.400;m³;Alevinagem
Ativa;V03;V03-LE05;QTR;A(60x40);60.000;px;2.400;m³;Alevinagem
Ativa;V05;V05-LA02;QTR;A(60x40);60.000;px;2.400;m³;Alevinagem
Ativa;V06;V06-LA04;QTR;A(60x40);60.000;px;2.400;m³;Alevinagem
Ativa;V07;V07-LA04;QTR;A(60x40);60.000;px;2.400;m³;Alevinagem
Ativa;V08;V08-LA04;QTR;A(60x40);60.000;px;2.400;m³;Alevinagem
Ativa;V09;V09-LA02;QTR;A(60x40);60.000;px;2.400;m³;Alevinagem
Ativa;V10;V10-LA05;QTR;A(60x40);60.000;px;2.400;m³;Alevinagem
Ativa;V11;V11-LA04;QTR;A(60x40);60.000;px;2.400;m³;Alevinagem
Ativa;V12;V12-LA04;QTR;A(60x40);60.000;px;2.400;m³;Alevinagem
Ativa;V13;V13-LA03;QTR;A(60x40);60.000;px;2.400;m³;Alevinagem
Ativa;V14;V14-LA04;QTR;A(60x40);60.000;px;2.400;m³;Alevinagem
Ativa;V15;V15-LA04;QTR;A(60x40);60.000;px;2.400;m³;Alevinagem
Ativa;V16;V16-LA02;QTR;A(60x40);60.000;px;2.400;m³;Alevinagem
Ativa;V17;V17-LA04;QTR;A(60x40);60.000;px;2.400;m³;Alevinagem
Ativa;V18;V18-LA04;QTR;A(60x40);60.000;px;2.400;m³;Alevinagem
Ativa;V19;V19-LA04;QTR;A(60x40);60.000;px;2.400;m³;Alevinagem
Ativa;V20;V20-LA02;QTR;A(60x40);60.000;px;2.400;m³;Alevinagem
Ativa;V22;V22-LA04;QTR;A(60x40);60.000;px;2.400;m³;Alevinagem
Ativa;V23;V23-LA05;QTR;A(60x40);60.000;px;2.400;m³;Alevinagem
Ativa;V24;V24-LA03;QTR;A(60x40);60.000;px;2.400;m³;Alevinagem
Ativa;V25;V25-LA04;QTR;A(60x40);60.000;px;2.400;m³;Alevinagem
Ativa;V26;V26-LA04;QTR;A(60x40);60.000;px;2.400;m³;Alevinagem
Ativa;V27;V27-LA04;QTR;A(60x40);60.000;px;2.400;m³;Alevinagem
Ativa;V28;V28-LA05;QTR;A(60x40);60.000;px;2.400;m³;Alevinagem
Ativa;V29;V29-LA04;QTR;A(60x40);60.000;px;2.400;m³;Alevinagem
Ativa;V30;V30-LA01;QTR;A(60x40);60.000;px;2.400;m³;Alevinagem
Ativa;V30;V30-LA05;QTR;A(60x40);60.000;px;2.400;m³;Alevinagem
Ativa;V31;V31-LA04;QTR;A(60x40);60.000;px;2.400;m³;Alevinagem
Ativa;V32;V32-LA03;QTR;A(60x40);60.000;px;2.400;m³;Alevinagem
Ativa;V33;V33-LA02;QTR;A(60x40);60.000;px;2.400;m³;Alevinagem
Ativa;V34;V34-LA02;QTR;A(60x40);60.000;px;2.400;m³;Alevinagem
Ativa;V35;V35-LA02;QTR;A(60x40);60.000;px;2.400;m³;Alevinagem
Ativa;V36;V36-LA02;QTR;A(60x40);60.000;px;2.400;m³;Alevinagem
Ativa;V37;V37-LA04;QTR;A(60x40);60.000;px;2.400;m³;Alevinagem
Ativa;V39;V39-LA04;QTR;A(60x40);60.000;px;2.400;m³;Alevinagem
Ativa;V40;V40-LA04;QTR;A(60x40);60.000;px;2.400;m³;Alevinagem
Ativa;V41;V41-LA03;QTR;A(60x40);60.000;px;2.400;m³;Alevinagem
Ativa;V01;;RGD;A(60x60);150.000;px;3.600;m³;Alevinagem
Ativa;V02;;RGD;A(60x60);150.000;px;3.600;m³;Alevinagem
Ativa;V03;;RGD;A(60x60);150.000;px;3.600;m³;Alevinagem
Ativa;V04;;RGD;A(60x60);150.000;px;3.600;m³;Alevinagem
Ativa;V05;;RGD;A(60x60);150.000;px;3.600;m³;Alevinagem
Ativa;V06;;RGD;A(60x60);150.000;px;3.600;m³;Alevinagem
Ativa;V07;;RGD;A(60x60);150.000;px;3.600;m³;Alevinagem
Ativa;V08;;RGD;A(60x60);150.000;px;3.600;m³;Alevinagem
Ativa;V09;;RGD;A(60x60);150.000;px;3.600;m³;Alevinagem
Ativa;V10;;RGD;A(60x60);100.000;px;2.600;m³;Alevinagem
Ativa;V11;;RGD;A(60x60);60.000;px;2.400;m³;Alevinagem
Ativa;V12;;RGD;A(60x60);60.000;px;1.920;m³;Alevinagem
Ativa;V13;;RGD;A(60x60);60.000;px;1.920;m³;Alevinagem
Ativa;V14;;RGD;A(60x60);60.000;px;1.920;m³;Alevinagem
Ativa;V15;;RGD;A(60x60);70.000;px;2.160;m³;Alevinagem
Ativa;V16;;RGD;A(60x60);70.000;px;2.160;m³;Alevinagem
Ativa;V17;;RGD;A(60x60);70.000;px;2.160;m³;Alevinagem
Ativa;V18;;RGD;A(60x60);120.000;px;3.000;m³;Alevinagem
Ativa;V19;;RGD;A(60x60);150.000;px;3.600;m³;Alevinagem
Ativa;V20;;RGD;A(60x60);150.000;px;3.600;m³;Alevinagem
Ativa;V21;;RGD;A(60x60);150.000;px;3.600;m³;Alevinagem
Ativa;ET01;ET01-LE11-MV2_MSDV;SFS;E(20x20);40.000;px;800;m³;Engorda
Ativa;ET02;ET02-LE11-Z_MV;SFS;E(20x20);40.000;px;800;m³;Engorda
Ativa;ET03;ET03-LE01-Z_H;SFS;E(20x20);40.000;px;800;m³;Engorda
Ativa;ET04;ET04-LE02-MV2;SFS;E(20x20);40.000;px;800;m³;Engorda
Ativa;ET05;ET05-LE12-Z_H;SFS;E(20x20);40.000;px;800;m³;Engorda
Ativa;ET06;USANDO;SFS;E(20x20);40.000;px;800;m³;Engorda
Ativa;ET07;ET07-LE01-Z_MV;SFS;E(20x20);40.000;px;800;m³;Engorda
Ativa;ET08;USANDO;SFS;E(20x20);40.000;px;800;m³;Engorda
Ativa;ET09;USANDO;SFS;E(20x20);40.000;px;800;m³;Engorda
Ativa;ET10;USANDO;SFS;E(20x20);40.000;px;800;m³;Engorda
Ativa;ET17;ET17-LE02-MV2;SFS;E(20x20);40.000;px;800;m³;Engorda
Ativa;ET18;ET18-LE01-Z_MV;SFS;E(20x20);40.000;px;800;m³;Engorda
Ativa;ET19;ET19-LE01-Z_MV;SFS;E(20x20);40.000;px;800;m³;Engorda
Ativa;ET20;ET20-LE02-Z_MV;SFS;E(20x20);40.000;px;800;m³;Engorda
Ativa;T01;T01-LE10-Z_INA2_MSDV;QTR;E(20x20);60.000;px;1.600;m³;Engorda
Ativa;T02;T02-LE01-Z_INA2;QTR;E(20x20);60.000;px;1.600;m³;Engorda
Ativa;T03;T03-LE02-Z_INA2;QTR;E(20x20);60.000;px;1.600;m³;Engorda
Ativa;T04;T04-LE09-Z_INA2_MSDV;QTR;E(20x20);60.000;px;1.600;m³;Engorda
Ativa;T05;T05-LE01-Z_INA2;QTR;E(20x20);60.000;px;1.600;m³;Engorda
Ativa;T06;T06-LE03-INA3;QTR;E(20x20);60.000;px;1.600;m³;Engorda
Ativa;T07;T07-LE02-INA3;QTR;E(20x20);60.000;px;1.600;m³;Engorda
Ativa;T08;T08-LE12-Z_INA2;QTR;E(20x20);60.000;px;1.600;m³;Engorda
Ativa;T09;T09-LE01-Z_INA2;QTR;E(20x20);60.000;px;1.600;m³;Engorda
Ativa;T10;T10-LE02-Z_INA2;QTR;E(20x20);60.000;px;1.600;m³;Engorda
Ativa;T11;T11-LE03-INA3;QTR;E(20x20);60.000;px;1.600;m³;Engorda
Ativa;T12;;QTR;E(20x20);60.000;px;1.600;m³;Engorda
Ativa;T13;;QTR;E(20x20);60.000;px;1.600;m³;Engorda
Ativa;T14;;QTR;E(20x20);60.000;px;1.600;m³;Engorda
Ativa;T15;;QTR;E(20x20);60.000;px;1.600;m³;Engorda
Ativa;T16;;QTR;E(20x20);60.000;px;1.600;m³;Engorda
Ativa;E252;USANDO;SFS;E(3x3);5.000;px;18;m³;Engorda
Ativa;E255;USANDO;SFS;E(3x3);5.000;px;18;m³;Engorda
Ativa;E259;USANDO;SFS;E(3x3);5.000;px;18;m³;Engorda
Ativa;E262;USANDO;SFS;E(3x3);5.000;px;18;m³;Engorda
Ativa;E277;USANDO;SFS;E(3x3);5.000;px;18;m³;Engorda
Ativa;E290;USANDO;SFS;E(3x3);5.000;px;18;m³;Engorda
Ativa;E295;USANDO;SFS;E(3x3);5.000;px;18;m³;Engorda
Ativa;E298;USANDO;SFS;E(3x3);5.000;px;18;m³;Engorda
Ativa;E305;USANDO;SFS;E(3x3);5.000;px;18;m³;Engorda
Ativa;E311;USANDO;SFS;E(3x3);5.000;px;18;m³;Engorda
Ativa;E324;USANDO;SFS;E(3x3);5.000;px;18;m³;Engorda
Ativa;E341 ;USANDO;SFS;E(3x3);5.000;px;18;m³;Engorda
Ativa;E344;USANDO;SFS;E(3x3);5.000;px;18;m³;Engorda
Ativa;E358;USANDO;SFS;E(3x3);5.000;px;18;m³;Engorda
Ativa;E404;USANDO;SFS;E(3x3);5.000;px;18;m³;Engorda
Ativa;E418;USANDO;SFS;E(3x3);5.000;px;18;m³;Engorda
Ativa;E452;USANDO;SFS;E(3x3);5.000;px;18;m³;Engorda
Ativa;E455;USANDO;SFS;E(3x3);5.000;px;18;m³;Engorda
Ativa;E465;USANDO;SFS;E(3x3);5.000;px;18;m³;Engorda
Ativa;E466;USANDO;SFS;E(3x3);5.000;px;18;m³;Engorda
Ativa;E470;USANDO;SFS;E(3x3);5.000;px;18;m³;Engorda
Ativa;E471;USANDO;SFS;E(3x3);5.000;px;18;m³;Engorda
Ativa;E472;USANDO;SFS;E(3x3);5.000;px;18;m³;Engorda
Ativa;E474;USANDO;SFS;E(3x3);5.000;px;18;m³;Engorda
Ativa;E477;USANDO;SFS;E(3x3);5.000;px;18;m³;Engorda
Ativa;E480;USANDO;SFS;E(3x3);5.000;px;18;m³;Engorda
Ativa;E484;USANDO;SFS;E(3x3);5.000;px;18;m³;Engorda
Ativa;E485;USANDO;SFS;E(3x3);5.000;px;18;m³;Engorda
Ativa;E488;USANDO;SFS;E(3x3);5.000;px;18;m³;Engorda
Ativa;E491;USANDO;SFS;E(3x3);5.000;px;18;m³;Engorda
Ativa;E505;USANDO;SFS;E(3x3);5.000;px;18;m³;Engorda
Ativa;E506;USANDO;SFS;E(3x3);5.000;px;18;m³;Engorda
Ativa;E507;USANDO;SFS;E(3x3);5.000;px;18;m³;Engorda
Ativa;E508;USANDO;SFS;E(3x3);5.000;px;18;m³;Engorda
Ativa;E509;USANDO;SFS;E(3x3);5.000;px;18;m³;Engorda
Ativa;E510;USANDO;SFS;E(3x3);5.000;px;18;m³;Engorda
Ativa;E511;USANDO;SFS;E(3x3);5.000;px;18;m³;Engorda
Ativa;E512;USANDO;SFS;E(3x3);5.000;px;18;m³;Engorda
Ativa;E513;USANDO;SFS;E(3x3);5.000;px;18;m³;Engorda
Ativa;E514;USANDO;SFS;E(3x3);5.000;px;18;m³;Engorda
Ativa;E515;USANDO;SFS;E(3x3);5.000;px;18;m³;Engorda
Ativa;E516;USANDO;SFS;E(3x3);5.000;px;18;m³;Engorda
Ativa;E517;USANDO;SFS;E(3x3);5.000;px;18;m³;Engorda
Ativa;E518;USANDO;SFS;E(3x3);5.000;px;18;m³;Engorda
Ativa;E519;USANDO;SFS;E(3x3);5.000;px;18;m³;Engorda
Ativa;E520;USANDO;SFS;E(3x3);5.000;px;18;m³;Engorda
Ativa;E521;USANDO;SFS;E(3x3);5.000;px;18;m³;Engorda
Ativa;E200;E200-LE01-Z_MV;SFS;E(3x3);5.000;px;18;m³;Engorda
Ativa;E201;E201-LE03-MV2;SFS;E(3x3);5.000;px;18;m³;Engorda
Ativa;E203;E203-LE01-Z_H;SFS;E(3x3);5.000;px;18;m³;Engorda
Ativa;E204;E204-LE11-Z_MV;SFS;E(3x3);5.000;px;18;m³;Engorda
Ativa;E205;E205-LE04-MV2;SFS;E(3x3);5.000;px;18;m³;Engorda
Ativa;E206;E206-LE02-MV2;SFS;E(3x3);5.000;px;18;m³;Engorda
Ativa;E208;E208-LE02-MV2;SFS;E(3x3);5.000;px;18;m³;Engorda
Ativa;E209;E209-LE01-Z_H;SFS;E(3x3);5.000;px;18;m³;Engorda
Ativa;E211;E211-LE03-MV2;SFS;E(3x3);5.000;px;18;m³;Engorda
Ativa;E212;E212-LE02-MV2;SFS;E(3x3);5.000;px;18;m³;Engorda
Ativa;E215;E215-LE04-MV2;SFS;E(3x3);5.000;px;18;m³;Engorda
Ativa;E217;E217-LE01-Z_H;SFS;E(3x3);5.000;px;18;m³;Engorda
Ativa;E218;E218-LE03-MV2;SFS;E(3x3);5.000;px;18;m³;Engorda
Ativa;E498;498-LE11-Z_MV;SFS;E(6x6);7.000;px;108;m³;Engorda
Ativa;E219;E219-LE02-MV2;SFS;E(6x6);7.000;px;108;m³;Engorda
Ativa;E220;E220-LE02-MV2;SFS;E(6x6);7.000;px;108;m³;Engorda
Ativa;E221;E221-LE03-MV2;SFS;E(6x6);7.000;px;108;m³;Engorda
Ativa;E222;E222-LE01-Z_H;SFS;E(6x6);7.000;px;108;m³;Engorda
Ativa;E223;E223-LE12-Z_H;SFS;E(6x6);7.000;px;108;m³;Engorda
Ativa;E224;E224-LE03-MV2;SFS;E(6x6);7.000;px;108;m³;Engorda
Ativa;E225;E225-LE12-Z_H;SFS;E(6x6);7.000;px;108;m³;Engorda
Ativa;E226;E226-LE11-MV2_MSDV;SFS;E(6x6);7.000;px;108;m³;Engorda
Ativa;E228;E228-LE11-Z_MV;SFS;E(6x6);7.000;px;108;m³;Engorda
Ativa;E229;E229-LE03-MV2;SFS;E(6x6);7.000;px;108;m³;Engorda
Ativa;E230;E230-LE03-MV2;SFS;E(6x6);7.000;px;108;m³;Engorda
Ativa;E233;E233-LE02-MV2;SFS;E(6x6);7.000;px;108;m³;Engorda
Ativa;E234;E234-LE02-MV2;SFS;E(6x6);7.000;px;108;m³;Engorda
Ativa;E236;E236-LE02-MV2;SFS;E(6x6);7.000;px;108;m³;Engorda
Ativa;E237;E237-LE03-MV2;SFS;E(6x6);7.000;px;108;m³;Engorda
Ativa;E239;E239-LE04-MV2;SFS;E(6x6);7.000;px;108;m³;Engorda
Ativa;E240;E240-LE03-MV2;SFS;E(6x6);7.000;px;108;m³;Engorda
Ativa;E241;E241-LE01-Z_MV;SFS;E(6x6);7.000;px;108;m³;Engorda
Ativa;E242;E242-LE02-MV2;SFS;E(6x6);7.000;px;108;m³;Engorda
Ativa;E243;E243-LE03-MV2;SFS;E(6x6);7.000;px;108;m³;Engorda
Ativa;E244;E244-LE04-MV2;SFS;E(6x6);7.000;px;108;m³;Engorda
Ativa;E245;E245-LE01-H4_MSDV;SFS;E(6x6);7.000;px;108;m³;Engorda
Ativa;E246;E246-LE01-Z_H;SFS;E(6x6);7.000;px;108;m³;Engorda
Ativa;E248;E248-LE03-MV2;SFS;E(6x6);7.000;px;108;m³;Engorda
Ativa;E249;E249-LE12-Z_MV;SFS;E(6x6);7.000;px;108;m³;Engorda
Ativa;E250;E250-LE12-Z_MV;SFS;E(6x6);7.000;px;108;m³;Engorda
Ativa;E251;E251-LE02-Z_MV;SFS;E(6x6);7.000;px;108;m³;Engorda
Ativa;E253;E253-LE03-MV2;SFS;E(6x6);7.000;px;108;m³;Engorda
Ativa;E254;E254-LE12-Z_INA2;SFS;E(6x6);7.000;px;108;m³;Engorda
Ativa;E256;E256-LE02-MV2;SFS;E(6x6);7.000;px;108;m³;Engorda
Ativa;E257;E257-LE02-MV2;SFS;E(6x6);7.000;px;108;m³;Engorda
Ativa;E258;E258-LE12-Z_INA2;SFS;E(6x6);7.000;px;108;m³;Engorda
Ativa;E260;E260-LE01-H4_MSDV;SFS;E(6x6);7.000;px;108;m³;Engorda
Ativa;E261;E261-LE02-Z_MV;SFS;E(6x6);7.000;px;108;m³;Engorda
Ativa;E263;E263-LE01-H4_MSDV;SFS;E(6x6);7.000;px;108;m³;Engorda
Ativa;E264;E264-LE03-MV2;SFS;E(6x6);7.000;px;108;m³;Engorda
Ativa;E265;E265-LE11-MV2_MSDV;SFS;E(6x6);7.000;px;108;m³;Engorda
Ativa;E266;E266-LE02-MV2;SFS;E(6x6);7.000;px;108;m³;Engorda
Ativa;E267;E267-LE02-Z_MV;SFS;E(6x6);7.000;px;108;m³;Engorda
Ativa;E268;E268-LE02-MV2;SFS;E(6x6);7.000;px;108;m³;Engorda
Ativa;E269;E269-LE01-Z_MV;SFS;E(6x6);7.000;px;108;m³;Engorda
Ativa;E270;E270-LE04-MV2;SFS;E(6x6);7.000;px;108;m³;Engorda
Ativa;E271;E271-LE03-MV2;SFS;E(6x6);7.000;px;108;m³;Engorda
Ativa;E272;E272-LE01-Z_H;SFS;E(6x6);7.000;px;108;m³;Engorda
Ativa;E273;E273-LE03-MV2;SFS;E(6x6);7.000;px;108;m³;Engorda
Ativa;E274;E274-LE01-H4_MSDV;SFS;E(6x6);7.000;px;108;m³;Engorda
Ativa;E275;E275-LE02-Z_MV;SFS;E(6x6);7.000;px;108;m³;Engorda
Ativa;E276;E276-LE04-MV2;SFS;E(6x6);7.000;px;108;m³;Engorda
Ativa;E278;E278-LE01-Z_H;SFS;E(6x6);7.000;px;108;m³;Engorda
Ativa;E279;E279-LE02-MV2;SFS;E(6x6);7.000;px;108;m³;Engorda
Ativa;E280;E280-LE02-MV2;SFS;E(6x6);7.000;px;108;m³;Engorda
Ativa;E281;E281-LE11-MV2_MSDV;SFS;E(6x6);7.000;px;108;m³;Engorda
Ativa;E282;E282-LE01-MSD_MV;SFS;E(6x6);7.000;px;108;m³;Engorda
Ativa;E283;E283-LE12-Z_H;SFS;E(6x6);7.000;px;108;m³;Engorda
Ativa;E284;E284-LE12-Z_INA2;SFS;E(6x6);7.000;px;108;m³;Engorda
Ativa;E285;E285-LE12-Z_MV;SFS;E(6x6);7.000;px;108;m³;Engorda
Ativa;E286;E286-LE01-Z_MV;SFS;E(6x6);7.000;px;108;m³;Engorda
Ativa;E287;E287-LE12-Z_MV;SFS;E(6x6);7.000;px;108;m³;Engorda
Ativa;E288;E288-LE02-MV2;SFS;E(6x6);7.000;px;108;m³;Engorda
Ativa;E289;E289-LE01-MSD_MV;SFS;E(6x6);7.000;px;108;m³;Engorda
Ativa;E291;E291-LE02-MV2;SFS;E(6x6);7.000;px;108;m³;Engorda
Ativa;E292;E292-LE01-Z_MV;SFS;E(6x6);7.000;px;108;m³;Engorda
Ativa;E293;E293-LE11-MV2_MSDV;SFS;E(6x6);7.000;px;108;m³;Engorda
Ativa;E294;E294-LE12-Z_INA2;SFS;E(6x6);7.000;px;108;m³;Engorda
Ativa;E296;E296-LE10-MV2_MSDV;SFS;E(6x6);7.000;px;108;m³;Engorda
Ativa;E297;E297-LE12-Z_INA2;SFS;E(6x6);7.000;px;108;m³;Engorda
Ativa;E299;E299-LE12-Z_H;SFS;E(6x6);7.000;px;108;m³;Engorda
Ativa;E300;E300-LE01-Z_H;SFS;E(6x6);7.000;px;108;m³;Engorda
Ativa;E301;E301-LE03-MV2;SFS;E(6x6);7.000;px;108;m³;Engorda
Ativa;E302;E302-LE12-Z_MV;SFS;E(6x6);7.000;px;108;m³;Engorda
Ativa;E303;E303-LE12-Z_MV;SFS;E(6x6);7.000;px;108;m³;Engorda
Ativa;E304;E304-LE01-Z_H;SFS;E(6x6);7.000;px;108;m³;Engorda
Ativa;E306;E306-LE04-MV2;SFS;E(6x6);7.000;px;108;m³;Engorda
Ativa;E307;E307-LE01-Z_MV;SFS;E(6x6);7.000;px;108;m³;Engorda
Ativa;E308;E308-LE03-MV2;SFS;E(6x6);7.000;px;108;m³;Engorda
Ativa;E309;E309-LE01-MSD_MV;SFS;E(6x6);7.000;px;108;m³;Engorda
Ativa;E310;E310-LE11-MV2_MSDV;SFS;E(6x6);7.000;px;108;m³;Engorda
Ativa;E312;E312-LE11-MV2_MSDV;SFS;E(6x6);7.000;px;108;m³;Engorda
Ativa;E313;E313-LE01-MSD_MV;SFS;E(6x6);7.000;px;108;m³;Engorda
Ativa;E314;E314-LE12-Z_INA2;SFS;E(6x6);7.000;px;108;m³;Engorda
Ativa;E315;E315-LE02-MV2;SFS;E(6x6);7.000;px;108;m³;Engorda
Ativa;E316;E316-LE01-Z_H;SFS;E(6x6);7.000;px;108;m³;Engorda
Ativa;E317;E317-LE01-Z_H;SFS;E(6x6);7.000;px;108;m³;Engorda
Ativa;E318;E318-LE01-Z_MV;SFS;E(6x6);7.000;px;108;m³;Engorda
Ativa;E319;E319-LE01-Z_MV;SFS;E(6x6);7.000;px;108;m³;Engorda
Ativa;E320;E320-LE03-MV2;SFS;E(6x6);7.000;px;108;m³;Engorda
Ativa;E321;E321-LE01-Z_MV;SFS;E(6x6);7.000;px;108;m³;Engorda
Ativa;E322;E322-LE11-MSD_MV;SFS;E(6x6);7.000;px;108;m³;Engorda
Ativa;E323;E323-LE01-MSD_MV;SFS;E(6x6);7.000;px;108;m³;Engorda
Ativa;E325;E325-LE01-Z_H;SFS;E(6x6);7.000;px;108;m³;Engorda
Ativa;E326;E326-LE01-Z_MV;SFS;E(6x6);7.000;px;108;m³;Engorda
Ativa;E327;E327-LE01-Z_H;SFS;E(6x6);7.000;px;108;m³;Engorda
Ativa;E328;E328-LE12-Z_INA2;SFS;E(6x6);7.000;px;108;m³;Engorda
Ativa;E329 ;E329-LE01-MSD_MV;SFS;E(6x6);7.000;px;108;m³;Engorda
Ativa;E330 ;E330-LE11-Z_MV;SFS;E(6x6);7.000;px;108;m³;Engorda
Ativa;E331 ;E331-LE02-MV2;SFS;E(6x6);7.000;px;108;m³;Engorda
Ativa;E332 ;E332-LE01-Z_H;SFS;E(6x6);7.000;px;108;m³;Engorda
Ativa;E333 ;E333-LE01-H4_MSDV;SFS;E(6x6);7.000;px;108;m³;Engorda
Ativa;E334 ;E334-LE01-MSD_MV;SFS;E(6x6);7.000;px;108;m³;Engorda
Ativa;E335 ;E335-LE03-MV2;SFS;E(6x6);7.000;px;108;m³;Engorda
Ativa;E336;E336-LE04-MV2;SFS;E(6x6);7.000;px;108;m³;Engorda
Ativa;E337;E337-LE12-Z_INA2;SFS;E(6x6);7.000;px;108;m³;Engorda
Ativa;E338 ;E338-LE02-MV2;SFS;E(6x6);7.000;px;108;m³;Engorda
Ativa;E339;E339-LE01-Z_MV;SFS;E(6x6);7.000;px;108;m³;Engorda
Ativa;E340 ;E340-LE02-MV2;SFS;E(6x6);7.000;px;108;m³;Engorda
Ativa;E342;E342-LE01-MSD_MV;SFS;E(6x6);7.000;px;108;m³;Engorda
Ativa;E343;E343-LE12-Z_INA2;SFS;E(6x6);7.000;px;108;m³;Engorda
Ativa;E345;E345-LE12-Z_INA2;SFS;E(6x6);7.000;px;108;m³;Engorda
Ativa;E346;E346-LE03-MV2;SFS;E(6x6);7.000;px;108;m³;Engorda
Ativa;E347;E347-LE02-MV2;SFS;E(6x6);7.000;px;108;m³;Engorda
Ativa;E348;E348-LE02-MV2;SFS;E(6x6);7.000;px;108;m³;Engorda
Ativa;E349;E349-LE11-MV2_MSDV;SFS;E(6x6);7.000;px;108;m³;Engorda
Ativa;E350;E350-LE03-MV2;SFS;E(6x6);7.000;px;108;m³;Engorda
Ativa;E351;E351-LE12-Z_INA2;SFS;E(6x6);7.000;px;108;m³;Engorda
Ativa;E352;E352-LE01-Z_MV;SFS;E(6x6);7.000;px;108;m³;Engorda
Ativa;E353;E353-LE02-MV2;SFS;E(6x6);7.000;px;108;m³;Engorda
Ativa;E354;E354-LE02-Z_MV;SFS;E(6x6);7.000;px;108;m³;Engorda
Ativa;E355;E355-LE11-Z_MV;SFS;E(6x6);7.000;px;108;m³;Engorda
Ativa;E356;E356-LE01-Z_MV;SFS;E(6x6);7.000;px;108;m³;Engorda
Ativa;E357;E357-LE01-Z_MV;SFS;E(6x6);7.000;px;108;m³;Engorda
Ativa;E451;E451-LE02-MV2;SFS;E(6x6);7.000;px;108;m³;Engorda
Ativa;E453;E453-LE02-MV2;SFS;E(6x6);7.000;px;108;m³;Engorda
Ativa;E454;E454-LE02-MV2;SFS;E(6x6);7.000;px;108;m³;Engorda
Ativa;E456;E456-LE04-MV2;SFS;E(6x6);7.000;px;108;m³;Engorda
Ativa;E457;E457-LE02-MV2;SFS;E(6x6);7.000;px;108;m³;Engorda
Ativa;E458;E458-LE04-MV2;SFS;E(6x6);7.000;px;108;m³;Engorda
Ativa;E459;E459-LE03-MV2;SFS;E(6x6);7.000;px;108;m³;Engorda
Ativa;E460;E460-LE03-MV2;SFS;E(6x6);7.000;px;108;m³;Engorda
Ativa;E461;E461-LE11-MV2_MSDV;SFS;E(6x6);7.000;px;108;m³;Engorda
Ativa;E462;E462-LE11-MV2_MSDV;SFS;E(6x6);7.000;px;108;m³;Engorda
Ativa;E463;E463-LE01-MSD_MV;SFS;E(6x6);7.000;px;108;m³;Engorda
Ativa;E464;E464-LE11-Z_MV;SFS;E(6x6);7.000;px;108;m³;Engorda
Ativa;E467;E467-LE02-MV2;SFS;E(6x6);7.000;px;108;m³;Engorda
Ativa;E468;E468-LE02-MV2;SFS;E(6x6);7.000;px;108;m³;Engorda
Ativa;E469;E469-LE03-MV2;SFS;E(6x6);7.000;px;108;m³;Engorda
Ativa;E473;E473-LE03-MV2;SFS;E(6x6);7.000;px;108;m³;Engorda
Ativa;E475;E475-LE11-MV2_MSDV;SFS;E(6x6);7.000;px;108;m³;Engorda
Ativa;E476;E476-LE11-MV2_MSDV;SFS;E(6x6);7.000;px;108;m³;Engorda
Ativa;E478;E478-LE10-MV2_MSDV;SFS;E(6x6);7.000;px;108;m³;Engorda
Ativa;E479;E479-LE01-MSD_MV;SFS;E(6x6);7.000;px;108;m³;Engorda
Ativa;E481;E481-LE02-MV2;SFS;E(6x6);7.000;px;108;m³;Engorda
Ativa;E482;E482-LE03-MV2;SFS;E(6x6);7.000;px;108;m³;Engorda
Ativa;E483;E483-LE03-MV2;SFS;E(6x6);7.000;px;108;m³;Engorda
Ativa;E486;E486-LE03-MV2;SFS;E(6x6);7.000;px;108;m³;Engorda
Ativa;E487;E487-LE03-MV2;SFS;E(6x6);7.000;px;108;m³;Engorda
Ativa;E489;E489-LE03-MV2;SFS;E(6x6);7.000;px;108;m³;Engorda
Ativa;E490;E490-LE03-MV2;SFS;E(6x6);7.000;px;108;m³;Engorda
Ativa;E492;E492-LE02-MV2;SFS;E(6x6);7.000;px;108;m³;Engorda
Ativa;E493;E493-LE10-MV2_MSDV;SFS;E(6x6);7.000;px;108;m³;Engorda
Ativa;E494;E494-LE03-MV2;SFS;E(6x6);7.000;px;108;m³;Engorda
Ativa;E495;E495-LE02-MV2;SFS;E(6x6);7.000;px;108;m³;Engorda
Ativa;E496;E496-LE02-MV2;SFS;E(6x6);7.000;px;108;m³;Engorda
Ativa;E497;E497-LE12-Z_H;SFS;E(6x6);7.000;px;108;m³;Engorda
Ativa;E499;E499-LE03-MV2;SFS;E(6x6);7.000;px;108;m³;Engorda
Ativa;E500;E500-LE02-MV2;SFS;E(6x6);7.000;px;108;m³;Engorda
Ativa;E501;E501-LE01-MSD_MV;SFS;E(6x6);7.000;px;108;m³;Engorda
Ativa;E502;E502-LE01-MSD_MV;SFS;E(6x6);7.000;px;108;m³;Engorda
Ativa;E503;E503-LE11-MV2_MSDV;SFS;E(6x6);7.000;px;108;m³;Engorda
Ativa;E504;E504-LE11-MV2_MSDV;SFS;E(6x6);7.000;px;108;m³;Engorda
Ativa;E203;E203-LE02-Z_INA2;QTR;E(6x6);8.500;px;108;m³;Engorda
Ativa;E204;E204-LE12-Z_INA2_MSDV;QTR;E(6x6);8.500;px;108;m³;Engorda
Ativa;E205;E205-LE01-Z_MV;QTR;E(6x6);8.500;px;108;m³;Engorda
Ativa;E206;E206-LE02-Z_INA2;QTR;E(6x6);8.500;px;108;m³;Engorda
Ativa;E207;E207-LE12-Z_INA2;QTR;E(6x6);8.500;px;108;m³;Engorda
Ativa;E208;E208-LE01-Z_MV;QTR;E(6x6);8.500;px;108;m³;Engorda
Ativa;E209;E209-LE02-Z_INA2;QTR;E(6x6);8.500;px;108;m³;Engorda
Ativa;E210;E210-LE12-Z_H;QTR;E(6x6);8.500;px;108;m³;Engorda
Ativa;E211;E211-LE01-Z_MV;QTR;E(6x6);8.500;px;108;m³;Engorda
Ativa;E212;E212-LE01-Z_MV;QTR;E(6x6);8.500;px;108;m³;Engorda
Ativa;E213;E213-LE01-Z_INA2;QTR;E(6x6);8.500;px;108;m³;Engorda
Ativa;E215;E215-LE02-Z_INA2;QTR;E(6x6);8.500;px;108;m³;Engorda
Ativa;E217;E217-LE10-Z_INA2_MSDV;QTR;E(6x6);8.500;px;108;m³;Engorda
Ativa;E218;E218-LE12-MSD_INA2_MSDV;QTR;E(6x6);8.500;px;108;m³;Engorda
Ativa;E219;E219-LE12-Z_INA2_MSDV;QTR;E(6x6);8.500;px;108;m³;Engorda
Ativa;E220;E220-LE11-Z_INA2_MSDV;QTR;E(6x6);8.500;px;108;m³;Engorda
Ativa;E222;E222-LE01-Z_INA2;QTR;E(6x6);8.500;px;108;m³;Engorda
Ativa;E224;E224-LE11-Z_INA2_MSDV;QTR;E(6x6);8.500;px;108;m³;Engorda
Ativa;E225;E225-LE02-Z_INA2;QTR;E(6x6);8.500;px;108;m³;Engorda
Ativa;E226;E226-LE01-Z_INA2;QTR;E(6x6);8.500;px;108;m³;Engorda
Ativa;E227;E227-LE03-INA3;QTR;E(6x6);8.500;px;108;m³;Engorda
Ativa;E228;E228-LE02-Z_INA2;QTR;E(6x6);8.500;px;108;m³;Engorda
Ativa;E229;E229-LE12-Z_INA2_MSDV;QTR;E(6x6);8.500;px;108;m³;Engorda
Ativa;E230;E230-LE01-Z_INA2;QTR;E(6x6);8.500;px;108;m³;Engorda
Ativa;E231;E231-LE12-Z_H;QTR;E(6x6);8.500;px;108;m³;Engorda
Ativa;E232;E232-LE12-Z_INA2_MSDV;QTR;E(6x6);8.500;px;108;m³;Engorda
Ativa;E233;E233-LE01-Z_H;QTR;E(6x6);8.500;px;108;m³;Engorda
Ativa;E236;E236-LE03-INA3-C;QTR;E(6x6);8.500;px;108;m³;Engorda
Ativa;E237;E237-LE12-Z_H;QTR;E(6x6);8.500;px;108;m³;Engorda
Ativa;E238;E238-LE12-Z_INA2;QTR;E(6x6);8.500;px;108;m³;Engorda
Ativa;E239;E239-LE12-Z_INA2_MSDV;QTR;E(6x6);8.500;px;108;m³;Engorda
Ativa;E240;E240-LA03-INA3;QTR;E(6x6);8.500;px;108;m³;Engorda
Ativa;E241;E241-LE12-Z_H;QTR;E(6x6);8.500;px;108;m³;Engorda
Ativa;E242;E242-LE03-INA3;QTR;E(6x6);8.500;px;108;m³;Engorda
Ativa;E243;E243-LE03-INA3;QTR;E(6x6);8.500;px;108;m³;Engorda
Ativa;E244;E244--LE12-Z_INA2_MSDV;QTR;E(6x6);8.500;px;108;m³;Engorda
Ativa;E245;E245-LE01-Z_H;QTR;E(6x6);8.500;px;108;m³;Engorda
Ativa;E247;E247-LE03-INA3;QTR;E(6x6);8.500;px;108;m³;Engorda
Ativa;E248;E248-LE03-INA3;QTR;E(6x6);8.500;px;108;m³;Engorda
Ativa;E249;E249-LE01-Z_H;QTR;E(6x6);8.500;px;108;m³;Engorda
Ativa;E250;E250-LE12-Z_INA2_MSDV;QTR;E(6x6);8.500;px;108;m³;Engorda
Ativa;E251;E251-LE02-Z_INA2;QTR;E(6x6);8.500;px;108;m³;Engorda
Ativa;E252;E252-LE01-Z_H;QTR;E(6x6);8.500;px;108;m³;Engorda
Ativa;E256;E256-LE12-Z_INA2_MSDV;QTR;E(6x6);8.500;px;108;m³;Engorda
Ativa;E257;E257-LE12-Z_INA2_MSDV;QTR;E(6x6);8.500;px;108;m³;Engorda
Ativa;E258;E258-LE02-INA3;QTR;E(6x6);8.500;px;108;m³;Engorda
Ativa;E259;E259-LE11-Z_INA2_MSDV;QTR;E(6x6);8.500;px;108;m³;Engorda
Ativa;E260;E260-LE01-Z_INA2;QTR;E(6x6);8.500;px;108;m³;Engorda
Ativa;E261;E261-LE02-Z_INA2;QTR;E(6x6);8.500;px;108;m³;Engorda
Ativa;E262;E262-LE01-Z_INA2;QTR;E(6x6);8.500;px;108;m³;Engorda
Ativa;E263;E263-LE02-Z_INA2;QTR;E(6x6);8.500;px;108;m³;Engorda
Ativa;E264;E264-LE03-INA3;QTR;E(6x6);8.500;px;108;m³;Engorda
Ativa;E265;E265-LE02-INA3;QTR;E(6x6);8.500;px;108;m³;Engorda
Ativa;E266;E266-LA03-INA3;QTR;E(6x6);8.500;px;108;m³;Engorda
Ativa;E268;E268-LE03-INA3;QTR;E(6x6);8.500;px;108;m³;Engorda
Ativa;E269;E269-LE01-Z_INA2;QTR;E(6x6);8.500;px;108;m³;Engorda
Ativa;E270;E270-LE03-INA3;QTR;E(6x6);8.500;px;108;m³;Engorda
Ativa;E271;E271-LE12-Z_H;QTR;E(6x6);8.500;px;108;m³;Engorda
Ativa;E272;E272-LE12-MSD_INAS2_MSDV;QTR;E(6x6);8.500;px;108;m³;Engorda
Ativa;E274;E274-LE01-Z_INA2;QTR;E(6x6);8.500;px;108;m³;Engorda
Ativa;E275;E275-LE02-Z_INA2;QTR;E(6x6);8.500;px;108;m³;Engorda
Ativa;E279;E279-LE01-ZINA2;QTR;E(6x6);8.500;px;108;m³;Engorda
Ativa;E280;E280-LE03-INA3;QTR;E(6x6);8.500;px;108;m³;Engorda
Ativa;E281;E281-LE03-INA3;QTR;E(6x6);8.500;px;108;m³;Engorda
Ativa;E284;E284-LE08-INA3_MSDV;QTR;E(6x6);8.500;px;108;m³;Engorda
Ativa;E285;E285-LE03-INA3;QTR;E(6x6);8.500;px;108;m³;Engorda
Ativa;E286;E286-LE01-Z_H;QTR;E(6x6);8.500;px;108;m³;Engorda
Ativa;E287;E287-LE03-INA3;QTR;E(6x6);8.500;px;108;m³;Engorda
Ativa;E288;E288-LE02-INA3;QTR;E(6x6);8.500;px;108;m³;Engorda
Ativa;E289;E289-LE02-INA3;QTR;E(6x6);8.500;px;108;m³;Engorda
Ativa;E290;E290-LE01-Z_INA2;QTR;E(6x6);8.500;px;108;m³;Engorda
Ativa;E291;E291-LE01Z_H;QTR;E(6x6);8.500;px;108;m³;Engorda
Ativa;E292;E292-LE03-INA3;QTR;E(6x6);8.500;px;108;m³;Engorda
Ativa;E293;E293-LE12-Z_H;QTR;E(6x6);8.500;px;108;m³;Engorda
Ativa;E294;E294-LE02-Z_INA2;QTR;E(6x6);8.500;px;108;m³;Engorda
Ativa;E295;E295-LE03-INA3;QTR;E(6x6);8.500;px;108;m³;Engorda
Ativa;E296;E296-LE02-Z_INA2;QTR;E(6x6);8.500;px;108;m³;Engorda
Ativa;E297;E297-LE10-Z_INA2_MSDV;QTR;E(6x6);8.500;px;108;m³;Engorda
Ativa;E298;E298-LE01Z_H;QTR;E(6x6);8.500;px;108;m³;Engorda
Ativa;E299;E299-LE02-Z_INA2;QTR;E(6x6);8.500;px;108;m³;Engorda
Ativa;E300;E300-LE09-Z_INA2_MSDV;QTR;E(6x6);8.500;px;108;m³;Engorda
Ativa;E304;E305-LE01-Z_INA2;QTR;E(6x6);8.500;px;108;m³;Engorda
Ativa;E304;E304-LE02-Z_INA2;QTR;E(6x6);8.500;px;108;m³;Engorda
Ativa;E306;E306-LE03-INA3-C;QTR;E(6x6);8.500;px;108;m³;Engorda
Ativa;E309;E309-LE12-Z_H;QTR;E(6x6);8.500;px;108;m³;Engorda
Ativa;E310;E310-LE03-INA3-C;QTR;E(6x6);8.500;px;108;m³;Engorda
Ativa;E311;E311-LE03-INA3;QTR;E(6x6);8.500;px;108;m³;Engorda
Ativa;E312;E312-LE10-Z_INA2_MSDV;QTR;E(6x6);8.500;px;108;m³;Engorda
Ativa;E313;E313-LE01-Z_MV;QTR;E(6x6);8.500;px;108;m³;Engorda
Ativa;E314;E314-LE12-MSD_INA2_MSDV;QTR;E(6x6);8.500;px;108;m³;Engorda
Ativa;E315;E315-LE04-INA3;QTR;E(6x6);8.500;px;108;m³;Engorda
Ativa;E317;E317-LE12-Z_H;QTR;E(6x6);8.500;px;108;m³;Engorda
Ativa;E318;E318-LE12-Z_INA2_MSDV;QTR;E(6x6);8.500;px;108;m³;Engorda
Ativa;E319;E319-LE03-INA3;QTR;E(6x6);8.500;px;108;m³;Engorda
Ativa;E321;E321-LE12-Z_H;QTR;E(6x6);8.500;px;108;m³;Engorda
Ativa;E323;E323-LE12-MSD_INA2_MSDV;QTR;E(6x6);8.500;px;108;m³;Engorda
Ativa;E324;E324-LE12-MSD_INA2_MSDV;QTR;E(6x6);8.500;px;108;m³;Engorda
Ativa;E325;E325-LE02-Z_MV;QTR;E(6x6);8.500;px;108;m³;Engorda
Ativa;E326;E326-LE01-Z_INA2;QTR;E(6x6);8.500;px;108;m³;Engorda
Ativa;E327;E327-LE01-Z_INA2;QTR;E(6x6);8.500;px;108;m³;Engorda
Ativa;E328;E328-LE01-Z_INA2;QTR;E(6x6);8.500;px;108;m³;Engorda
Ativa;E329;E329-LE01-Z_INA2;QTR;E(6x6);8.500;px;108;m³;Engorda
Ativa;E330;E330-LE12-Z_INA2_MSDV;QTR;E(6x6);8.500;px;108;m³;Engorda
Ativa;E331;E331-LE01-Z_H;QTR;E(6x6);8.500;px;108;m³;Engorda
Ativa;E332;E332-LE01-Z_H;QTR;E(6x6);8.500;px;108;m³;Engorda
Ativa;E333;E333-LE01-Z_H;QTR;E(6x6);8.500;px;108;m³;Engorda
Ativa;E334 ;E334-LE01-Z_INA2;QTR;E(6x6);8.500;px;108;m³;Engorda
Ativa;E335;E335-LE01-Z_INA2;QTR;E(6x6);8.500;px;108;m³;Engorda
Ativa;E336;E336-LE01-Z_H;QTR;E(6x6);8.500;px;108;m³;Engorda
Ativa;E337 ;E337-LE12-Z_INA2;QTR;E(6x6);8.500;px;108;m³;Engorda
Ativa;E338 ;E338-LE02-Z_INA2;QTR;E(6x6);8.500;px;108;m³;Engorda
Ativa;E339 ;E339-LE01-Z_MV;QTR;E(6x6);8.500;px;108;m³;Engorda
Ativa;E340 ;E340-LE01-Z_MV;QTR;E(6x6);8.500;px;108;m³;Engorda
Ativa;E341;E341-LE02-Z_INA2;QTR;E(6x6);8.500;px;108;m³;Engorda
Ativa;E342;E342-LE02-Z_INA2;QTR;E(6x6);8.500;px;108;m³;Engorda
Ativa;E343;E343-LE03--NA3;QTR;E(6x6);8.500;px;108;m³;Engorda
Ativa;E344;E344-LE02-Z_INA2;QTR;E(6x6);8.500;px;108;m³;Engorda
Ativa;E345;E345-LE01-ZINA2;QTR;E(6x6);8.500;px;108;m³;Engorda
Ativa;E346;E346-LE01-Z_INA2;QTR;E(6x6);8.500;px;108;m³;Engorda
Ativa;E348;E348-LE01-Z_INA2;QTR;E(6x6);8.500;px;108;m³;Engorda
Ativa;E349;E349-LE02-Z_INA2;QTR;E(6x6);8.500;px;108;m³;Engorda
Ativa;E350;E350-LE01-Z_INA2;QTR;E(6x6);8.500;px;108;m³;Engorda
Ativa;E351;E351-LE01Z_H;QTR;E(6x6);8.500;px;108;m³;Engorda
Ativa;E352;E352-LE01-Z_MV;QTR;E(6x6);8.500;px;108;m³;Engorda
Ativa;E353;E353-LE03-INA3;QTR;E(6x6);8.500;px;108;m³;Engorda
Ativa;E354;E354-LE02-Z_INA2;QTR;E(6x6);8.500;px;108;m³;Engorda
Ativa;E355;E355-LE03-INA3;QTR;E(6x6);8.500;px;108;m³;Engorda
Ativa;E356;E356-LE01-Z_MV;QTR;E(6x6);8.500;px;108;m³;Engorda
Ativa;E357;E357-LE02-INA3;QTR;E(6x6);8.500;px;108;m³;Engorda
Ativa;E358;E358-LE03-INA3;QTR;E(6x6);8.500;px;108;m³;Engorda
Ativa;E359;E359-LE03-INA3;QTR;E(6x6);8.500;px;108;m³;Engorda
Ativa;E360;E360-LE01-Z_INA2;QTR;E(6x6);8.500;px;108;m³;Engorda
Ativa;E361;E361-LE10-Z_INA2_MSDV;QTR;E(6x6);8.500;px;108;m³;Engorda
Vazio;E362;;QTR;E(6x6);8.500;px;108;m³;Engorda
Vazio;E363;;QTR;E(6x6);8.500;px;108;m³;Engorda
Vazio;E364;;QTR;E(6x6);8.500;px;108;m³;Engorda
Ativa;R001;R001-LE05-Z_MV;QTR;R(6x6);20.000;px;108;m³;Recria
Ativa;R002;R002-LE04-Z_INA2;QTR;R(6x6);20.000;px;108;m³;Recria
Ativa;R003;R003-LE05-Z_MV;QTR;R(6x6);20.000;px;108;m³;Recria
Ativa;R004;R004-LE04-Z_INA2;QTR;R(6x6);20.000;px;108;m³;Recria
Ativa;R005;R005-LE04-Z_MV;QTR;R(6x6);20.000;px;108;m³;Recria
Ativa;R006;R006-LE03-INA3;QTR;R(6x6);20.000;px;108;m³;Recria
Ativa;R007;R007-LE04-Z_INA2;QTR;R(6x6);20.000;px;108;m³;Recria
Ativa;R008;R008-LE04-Z_INA2_MV;QTR;R(6x6);20.000;px;108;m³;Recria
Ativa;R009;R009-LE04-Z_MV;QTR;R(6x6);20.000;px;108;m³;Recria
Ativa;R010;R010-LE04-Z_MV;QTR;R(6x6);20.000;px;108;m³;Recria
Ativa;R011;R011-LE05-Z_MV;QTR;R(6x6);20.000;px;108;m³;Recria
Ativa;R012;R012-LE04-INA3;QTR;R(6x6);20.000;px;108;m³;Recria
Ativa;R013;R013-LE04-Z_INA2;QTR;R(6x6);20.000;px;108;m³;Recria
Ativa;R014;R014-LE05-Z_INA2;QTR;R(6x6);20.000;px;108;m³;Recria
Ativa;R017;R017-LE04-Z_INA2;QTR;R(6x6);20.000;px;108;m³;Recria
Ativa;R018;R018-LE05-Z_MV;QTR;R(6x6);20.000;px;108;m³;Recria
Ativa;R019;R019-LE03-Z_INA2;QTR;R(6x6);20.000;px;108;m³;Recria
Ativa;R020;R020-LE05-Z_MV;QTR;R(6x6);20.000;px;108;m³;Recria
Ativa;R022;R022-LE05-Z_MV;QTR;R(6x6);20.000;px;108;m³;Recria
Ativa;R023;R023-LE04-Z_MV;QTR;R(6x6);20.000;px;108;m³;Recria
Ativa;R024;R024-LE04-Z_MV;QTR;R(6x6);20.000;px;108;m³;Recria
Ativa;R025;R025-LE04-INA3;QTR;R(6x6);20.000;px;108;m³;Recria
Ativa;R026;R026-LE04-Z_MV;QTR;R(6x6);20.000;px;108;m³;Recria
Ativa;R027;R027-LE04-Z_INA2_MV;QTR;R(6x6);20.000;px;108;m³;Recria
Ativa;R028;R028-LE05-Z_MV;QTR;R(6x6);20.000;px;108;m³;Recria
Ativa;R029;R029-LE03-INA3;QTR;R(6x6);20.000;px;108;m³;Recria
Ativa;R031;R031-LE03-Z_INA2;QTR;R(6x6);20.000;px;108;m³;Recria
Ativa;R032;R032-LE03-INA3;QTR;R(6x6);20.000;px;108;m³;Recria
Ativa;R034;R034-LE03-Z_INA2;QTR;R(6x6);20.000;px;108;m³;Recria
Ativa;R035;R035-LE05-Z_INA2;QTR;R(6x6);20.000;px;108;m³;Recria
Ativa;R036;R036-LE04-ZINA2;QTR;R(6x6);20.000;px;108;m³;Recria
Ativa;R037;R037-LE03-Z_INA2;QTR;R(6x6);20.000;px;108;m³;Recria
Ativa;R038;R038-LE04-Z_INA2;QTR;R(6x6);20.000;px;108;m³;Recria
Ativa;R040;R040-LE04-Z_MV;QTR;R(6x6);20.000;px;108;m³;Recria
Ativa;R041;R041-LE05-Z_MV;QTR;R(6x6);20.000;px;108;m³;Recria
Ativa;R042;R042-LE04-Z_INA2_Z_MV;QTR;R(6x6);20.000;px;108;m³;Recria
Ativa;R043;R043-LE05-Z_MV;QTR;R(6x6);20.000;px;108;m³;Recria
Ativa;R044;R044-LE04-Z_MV;QTR;R(6x6);20.000;px;108;m³;Recria
Ativa;R045;R045-LE03-Z_INA2;QTR;R(6x6);20.000;px;108;m³;Recria
Ativa;R046;R046-LE03-Z_INA2;QTR;R(6x6);20.000;px;108;m³;Recria
Ativa;R047;R047-LE04-Z_INA2;QTR;R(6x6);20.000;px;108;m³;Recria
Ativa;R048;R048-LE04-Z_MV;QTR;R(6x6);20.000;px;108;m³;Recria
Ativa;R049;R049-LE05-Z_INA2;QTR;R(6x6);20.000;px;108;m³;Recria
Ativa;R050;R050-LE05-Z_MV;QTR;R(6x6);20.000;px;108;m³;Recria
Ativa;R051;R051-LE05-Z_INA2;QTR;R(6x6);20.000;px;108;m³;Recria
Ativa;R052;R052-LE04-Z_INA2;QTR;R(6x6);20.000;px;108;m³;Recria
Ativa;R053;R053-LE03-Z_INA2;QTR;R(6x6);20.000;px;108;m³;Recria
Ativa;R054;R054-LE04-Z_MV;QTR;R(6x6);20.000;px;108;m³;Recria
Ativa;R055;R055-LE04-Z_MV;QTR;R(6x6);20.000;px;108;m³;Recria
Ativa;R056;R056-LE04-Z_INA2;QTR;R(6x6);20.000;px;108;m³;Recria
Ativa;R057;R057-LE04-Z_MV;QTR;R(6x6);20.000;px;108;m³;Recria
Ativa;R059;R059-LE03-INA3;QTR;R(6x6);20.000;px;108;m³;Recria
Ativa;R060;R060-LE05-Z_MV;QTR;R(6x6);20.000;px;108;m³;Recria
Ativa;R061;R061-LE04-Z_INA2_MV;QTR;R(6x6);20.000;px;108;m³;Recria
Ativa;R062;R062-LE04-Z_MV;QTR;R(6x6);20.000;px;108;m³;Recria
Ativa;R063;R063-LE03-Z_INA2;QTR;R(6x6);20.000;px;108;m³;Recria
Ativa;R064;R064-LE04-Z_MV;QTR;R(6x6);20.000;px;108;m³;Recria
Ativa;R067;R067-LE03-Z_INA2;QTR;R(6x6);20.000;px;108;m³;Recria
Ativa;R068;R068-LE03-INA3;QTR;R(6x6);20.000;px;108;m³;Recria
Ativa;R069;R069-LE04-Z_MV;QTR;R(6x6);20.000;px;108;m³;Recria
Ativa;R070;R070-LE04-Z_MV;QTR;R(6x6);20.000;px;108;m³;Recria
Ativa;R072;R072-LE04-Z_MV;QTR;R(6x6);20.000;px;108;m³;Recria
Ativa;R073;R073-LE04-Z_MV;QTR;R(6x6);20.000;px;108;m³;Recria
Ativa;R074;R074-LE04-INA3;QTR;R(6x6);20.000;px;108;m³;Recria
Ativa;R075;R075-LE04-INA3;QTR;R(6x6);20.000;px;108;m³;Recria
Ativa;R078;R078-LE05-Z_MV;QTR;R(6x6);20.000;px;108;m³;Recria
Ativa;R079;R079-LE04-Z_INA2;QTR;R(6x6);20.000;px;108;m³;Recria
Ativa;R080;R080-LE04-Z_INA2;QTR;R(6x6);20.000;px;108;m³;Recria
Ativa;R081;R081-LE05-Z_MV;QTR;R(6x6);20.000;px;108;m³;Recria
Ativa;R082;R082-LE05-Z_MV;QTR;R(6x6);20.000;px;108;m³;Recria
Vazio;R083;;QTR;E(6x6);20.000;px;108;m³;Engorda
Vazio;R084;;QTR;E(6x6);20.000;px;108;m³;Engorda
Vazio;R085;;QTR;E(6x6);20.000;px;108;m³;Engorda
Ativa;R01 QTR;USANDO;SFS;R(3x3);5.000;px;18;m³;Recria
Ativa;R014;USANDO;SFS;R(3x3);5.000;px;18;m³;Recria
Ativa;R02 QTR;USANDO;SFS;R(3x3);5.000;px;18;m³;Recria
Ativa;R021;USANDO;SFS;R(3x3);5.000;px;18;m³;Recria
Ativa;R022;USANDO;SFS;R(3x3);5.000;px;18;m³;Recria
Ativa;R04;USANDO;SFS;R(3x3);5.000;px;18;m³;Recria
Ativa;R04 QTR;USANDO;SFS;R(3x3);5.000;px;18;m³;Recria
Ativa;R001;R001-LE04-MV2;SFS;R(3x3);5.000;px;18;m³;Recria
Ativa;R002;R002-LE05-Z_MV;SFS;R(3x3);5.000;px;18;m³;Recria
Ativa;R003;R003-LE03-MV2;SFS;R(3x3);5.000;px;18;m³;Recria
Ativa;R004;R004-LE04-MV2;SFS;R(3x3);5.000;px;18;m³;Recria
Ativa;R005;R005-LE04-Z_MV;SFS;R(3x3);5.000;px;18;m³;Recria
Ativa;R006;R006-LE05-MV2;SFS;R(3x3);5.000;px;18;m³;Recria
Ativa;R007;R007-LE04-MV2;SFS;R(3x3);5.000;px;18;m³;Recria
Ativa;R008;R008-LE04-Z_MV;SFS;R(3x3);5.000;px;18;m³;Recria
Ativa;R009;R009-LE04-Z_MV;SFS;R(3x3);5.000;px;18;m³;Recria
Ativa;R010;R010-LE05-Z_MV;SFS;R(3x3);5.000;px;18;m³;Recria
Ativa;R011;R011-LE04-Z_MV;SFS;R(3x3);5.000;px;18;m³;Recria
Ativa;R012;R012-LE04-Z_MV;SFS;R(3x3);5.000;px;18;m³;Recria
Ativa;R013;R013-LE04-MV2;SFS;R(3x3);5.000;px;18;m³;Recria
Ativa;R015;R015-LE03-MV2;SFS;R(3x3);5.000;px;18;m³;Recria
Ativa;R016;R016-LE04-Z_MV;SFS;R(3x3);5.000;px;18;m³;Recria
Ativa;R017;R017-LE04-Z_MV;SFS;R(3x3);5.000;px;18;m³;Recria
Ativa;R018;R018-LE04-Z_MV;SFS;R(3x3);5.000;px;18;m³;Recria
Ativa;R019;R019-LE05-Z_MV;SFS;R(3x3);5.000;px;18;m³;Recria
Ativa;R020;R020-LE04-MV2;SFS;R(3x3);5.000;px;18;m³;Recria
Ativa;R023;R023-LE04-MV2;SFS;R(3x3);5.000;px;18;m³;Recria
Ativa;R024;R024-LE03-MV2;SFS;R(3x3);5.000;px;18;m³;Recria
Ativa;R025;R025-LE04-Z_MV;SFS;R(3x3);5.000;px;18;m³;Recria
Ativa;R026;R026-LE04-MV2;SFS;R(3x3);5.000;px;18;m³;Recria
Ativa;R027;R027-LE05-MV2;SFS;R(3x3);5.000;px;18;m³;Recria
Ativa;R028;R028-LE04-Z_MV;SFS;R(3x3);5.000;px;18;m³;Recria
Ativa;R029;R029-LE04-Z_MV;SFS;R(3x3);5.000;px;18;m³;Recria
Ativa;R030;R030-LE04-Z_MV;SFS;R(3x3);5.000;px;18;m³;Recria
Ativa;R031;R031-LE04-MV2;SFS;R(3x3);5.000;px;18;m³;Recria
Ativa;R032;R032-LE04-Z_MV;SFS;R(3x3);5.000;px;18;m³;Recria
Ativa;R033;R033-LE05-Z_MV;SFS;R(3x3);5.000;px;18;m³;Recria
Ativa;R034;R034-LE04-Z_MV;SFS;R(3x3);5.000;px;18;m³;Recria
Ativa;R035;R035-LE04-Z_MV;SFS;R(3x3);5.000;px;18;m³;Recria
Ativa;R036;R036-LE04-Z_MV;SFS;R(3x3);5.000;px;18;m³;Recria
Ativa;R037;R037-LE04-MV2;SFS;R(3x3);5.000;px;18;m³;Recria
Ativa;R038;R038-LE05-MV2;SFS;R(3x3);5.000;px;18;m³;Recria
Ativa;R039;R039-LE05-Z_MV;SFS;R(3x3);5.000;px;18;m³;Recria
Ativa;R040;R040-LE04-Z_MV;SFS;R(3x3);5.000;px;18;m³;Recria
Ativa;R041;R041-LE04-Z_MV;SFS;R(3x3);5.000;px;18;m³;Recria
Ativa;R042;R042-LE04-Z_MV;SFS;R(3x3);5.000;px;18;m³;Recria
Ativa;R043;R043-LE03-MV2;SFS;R(3x3);5.000;px;18;m³;Recria
Ativa;R044;R044-LE04-MV2;SFS;R(3x3);5.000;px;18;m³;Recria
Ativa;R045;R045-LE04-MV2;SFS;R(3x3);5.000;px;18;m³;Recria
Ativa;R046;R046-LE05-MV2;SFS;R(3x3);5.000;px;18;m³;Recria
Ativa;R047;R047-LE04-Z_MV;SFS;R(3x3);5.000;px;18;m³;Recria
Ativa;R048;R048-LE05-Z_MV;SFS;R(3x3);5.000;px;18;m³;Recria
Ativa;R049;R049-LE05-MV2;SFS;R(3x3);5.000;px;18;m³;Recria
Ativa;R050;R050-LE04-Z_MV;SFS;R(3x3);5.000;px;18;m³;Recria
Ativa;R051;R051-LE04-Z_MV;SFS;R(3x3);5.000;px;18;m³;Recria
Ativa;R052;R052-LE05-MV2;SFS;R(3x3);5.000;px;18;m³;Recria
Ativa;R053;R053-LE05-Z_MV;SFS;R(3x3);5.000;px;18;m³;Recria
Ativa;R054;R054-LE05-Z_MV;SFS;R(3x3);5.000;px;18;m³;Recria
Ativa;R055;R055-LE04-Z_MV;SFS;R(3x3);5.000;px;18;m³;Recria
Ativa;R056;R056-LE04-Z_MV;SFS;R(3x3);5.000;px;18;m³;Recria
Ativa;R058;R058-LE04-Z_MV;SFS;R(3x3);5.000;px;18;m³;Recria
Ativa;R059;R059-LE04-MV2;SFS;R(3x3);5.000;px;18;m³;Recria
Ativa;R060;R060-LE04-Z_MV;SFS;R(3x3);5.000;px;18;m³;Recria
Ativa;R062;R062-LE05-MV2;SFS;R(3x3);5.000;px;18;m³;Recria
Ativa;R063;R063-LE05-MV2;SFS;R(3x3);5.000;px;18;m³;Recria
Ativa;R064;R064-LE03-MV2;SFS;R(3x3);5.000;px;18;m³;Recria
Ativa;R065;R065-LE04-Z_MV;SFS;R(3x3);5.000;px;18;m³;Recria
Ativa;R066;R066-LE03-MV2;SFS;R(3x3);5.000;px;18;m³;Recria
Ativa;R067;R067-LE04-MV2;SFS;R(3x3);5.000;px;18;m³;Recria
Ativa;R068;R068-LE04-Z_MV;SFS;R(3x3);5.000;px;18;m³;Recria
Ativa;R069;R069-LE03-MV2;SFS;R(3x3);5.000;px;18;m³;Recria
Ativa;R069;R069-LE04-Z_MV;SFS;R(3x3);5.000;px;18;m³;Recria
Ativa;R070 ;R070-LE05-Z_MV;SFS;R(3x3);5.000;px;18;m³;Recria
Ativa;R071;R071-LE05-MV2;SFS;R(3x3);5.000;px;18;m³;Recria
Ativa;R073;R073-LE04-Z_MV;SFS;R(3x3);5.000;px;18;m³;Recria
Ativa;R075 ;R075-LE05-MV2;SFS;R(3x3);5.000;px;18;m³;Recria
Ativa;R076;R076-LE05-MV2;SFS;R(3x3);5.000;px;18;m³;Recria
Ativa;R077;R077-LE04-MV2;SFS;R(3x3);5.000;px;18;m³;Recria
Ativa;R078;R078-LE03-MV2;SFS;R(3x3);5.000;px;18;m³;Recria
Ativa;R082;R082-LE04-Z_MV;SFS;R(3x3);5.000;px;18;m³;Recria
Ativa;R083;R083-LE04-Z_MV;SFS;R(3x3);5.000;px;18;m³;Recria
Ativa;R084;R084-LE04-Z_MV;SFS;R(3x3);5.000;px;18;m³;Recria
Ativa;R085;R085-LE04-Z_MV;SFS;R(3x3);5.000;px;18;m³;Recria
Ativa;R086;R086-LE04-Z_MV;SFS;R(3x3);5.000;px;18;m³;Recria
Ativa;R087;R087-LE04-MV2;SFS;R(3x3);5.000;px;18;m³;Recria
Ativa;R088;R088-LE04-Z_MV;SFS;R(3x3);5.000;px;18;m³;Recria
Ativa;R090;R090-LE04-Z_MV;SFS;R(3x3);5.000;px;18;m³;Recria
Ativa;R091;R091-LE04-MV2;SFS;R(3x3);5.000;px;18;m³;Recria
Ativa;R092;R092-LE05-MV2;SFS;R(3x3);5.000;px;18;m³;Recria
Ativa;R095;R095-LE04-MV2;SFS;R(3x3);5.000;px;18;m³;Recria
Ativa;R098;R098-LE04-Z_MV;SFS;R(3x3);5.000;px;18;m³;Recria
Ativa;R099;R099-LE05-MV2;SFS;R(3x3);5.000;px;18;m³;Recria
Ativa;R100;R100-LE05-MV2;SFS;R(3x3);5.000;px;18;m³;Recria
Ativa;R101;R101-LE05-MV2;SFS;R(3x3);5.000;px;18;m³;Recria
Ativa;R102;R102-LE05-MV2;SFS;R(3x3);5.000;px;18;m³;Recria
Ativa;R103;R103-LE03-MV2;SFS;R(3x3);5.000;px;18;m³;Recria
Ativa;R104;R104-LE04-Z_MV;SFS;R(3x3);5.000;px;18;m³;Recria
Ativa;R105;R105-LE05-MV2;SFS;R(3x3);5.000;px;18;m³;Recria
Ativa;R106;R106-LE04-Z_MV;SFS;R(3x3);5.000;px;18;m³;Recria
Ativa;R107;R107-LE05-MV2;SFS;R(3x3);5.000;px;18;m³;Recria
Ativa;R108;R108-LE03-MV2;SFS;R(3x3);5.000;px;18;m³;Recria
Ativa;R109;R109-LE03-MV2;SFS;R(3x3);5.000;px;18;m³;Recria
Ativa;R110;R110-LE03-MV2;SFS;R(3x3);5.000;px;18;m³;Recria
Ativa;R111;R111-LE04-MV2;SFS;R(3x3);5.000;px;18;m³;Recria
Ativa;R112;R112-LE04-MV2;SFS;R(3x3);5.000;px;18;m³;Recria
Ativa;R113;R113-LE03-MV2;SFS;R(3x3);5.000;px;18;m³;Recria
Ativa;R113;R113-LE05-MV2;SFS;R(3x3);5.000;px;18;m³;Recria
Ativa;R114;R114-LE03-MV2;SFS;R(3x3);5.000;px;18;m³;Recria
Ativa;R115;R115-LE04-MV2;SFS;R(3x3);5.000;px;18;m³;Recria
Ativa;R117;R117-LE05-MV2;SFS;R(3x3);5.000;px;18;m³;Recria
Ativa;R118;R118-LE05-MV2;SFS;R(3x3);5.000;px;18;m³;Recria
Ativa;R119;R119-LE05-MV2;SFS;R(3x3);5.000;px;18;m³;Recria
Ativa;R120;R120-LE05-MV2;SFS;R(3x3);5.000;px;18;m³;Recria
Ativa;R121;R121-LE03-MV2;SFS;R(3x3);5.000;px;18;m³;Recria
Ativa;R122;R122-LE03-MV2;SFS;R(3x3);5.000;px;18;m³;Recria
Ativa;R123;R123-LE03-MV2;SFS;R(3x3);5.000;px;18;m³;Recria
Ativa;R124;R124-LE03-MV2;SFS;R(3x3);5.000;px;18;m³;Recria
Ativa;R125;R125-LE04-MV2;SFS;R(3x3);5.000;px;18;m³;Recria
Ativa;R126;R126-LE04-MV2;SFS;R(3x3);5.000;px;18;m³;Recria
Ativa;R127;R127-LE04-MV2;SFS;R(3x3);5.000;px;18;m³;Recria
Ativa;R128;R128-LE04-Z_MV;SFS;R(3x3);5.000;px;18;m³;Recria
Ativa;R129;R129-LE04-Z_MV;SFS;R(3x3);5.000;px;18;m³;Recria
Ativa;R130;R130-LE05-Z_MV;SFS;R(3x3);5.000;px;18;m³;Recria
Ativa;R131;R131-LE05-Z_MV;SFS;R(3x3);5.000;px;18;m³;Recria
Ativa;R132;R132-LE05-Z_MV;SFS;R(3x3);5.000;px;18;m³;Recria
Ativa;R133;R133-LE05-Z_MV;SFS;R(3x3);5.000;px;18;m³;Recria
Ativa;R134;R134-LE05-Z_MV;SFS;R(3x3);5.000;px;18;m³;Recria
Ativa;R135;R135-LE05-MV2;SFS;R(3x3);5.000;px;18;m³;Recria
Ativa;R140;R140-LE05-Z_MV;SFS;R(3x3);5.000;px;18;m³;Recria
Ativa;R141;R141-LE04;SFS;R(3x3);5.000;px;18;m³;Recria
Ativa;R142;R142-LE04;SFS;R(3x3);5.000;px;18;m³;Recria
Ativa;R143;R143-LE04;SFS;R(3x3);5.000;px;18;m³;Recria
Ativa;R144;R144-LE04;SFS;R(3x3);5.000;px;18;m³;Recria
Ativa;R145;R145-LE04;SFS;R(3x3);5.000;px;18;m³;Recria
Ativa;R146;R146-LE04-MV2;SFS;R(3x3);5.000;px;18;m³;Recria
Ativa;R147;R147-LE04;SFS;R(3x3);5.000;px;18;m³;Recria
Ativa;R148;R148-LE04;SFS;R(3x3);5.000;px;18;m³;Recria
Ativa;R149;R149-LE04;SFS;R(3x3);5.000;px;18;m³;Recria
Ativa;R150;R150-LE05-Z_MV;SFS;R(3x3);5.000;px;18;m³;Recria
Ativa;R2-074;R2-074-LE03-MV2;SFS;R(3x3);5.000;px;18;m³;Recria
Ativa;M1;M1-LE05-Z_MV;QTR;;35.000;px;;;Alevinagem
Ativa;M2;M2-LE05-Z_MV;QTR;;35.000;px;;;Alevinagem
Ativa;M3;M3-LA05;QTR;;35.000;px;;;Alevinagem
