Produtor;Tanque;Data Entrada;Saldo Final;Dt.últ Biometria;Última Pesagem(g);Região;Classe
AAO;AAON1;27/05/2026;112691;31/05/2026;38;ITA;Parceria
AAO;AAON2;11/01/2026;66876;31/05/2026;690;ITA;Parceria
AAO;AAON3;08/03/2026;152765;31/05/2026;260;ITA;Parceria
AAO;AAON4;03/02/2026;48091;31/05/2026;430;ITA;Parceria
AAO;AAOP4;07/04/2026;358311;31/05/2026;120;ITA;Parceria
AGD;B001;29/05/2026;3758;29/05/2026;24,5;APT;Integração
AGD;B002;29/05/2026;3249;29/05/2026;24,5;APT;Integração
AGD;B004;29/05/2026;3268;29/05/2026;24,5;APT;Integração
AGD;B005;22/05/2026;3789;22/05/2026;32;APT;Integração
AGD;B006;29/05/2026;3401;29/05/2026;24,5;APT;Integração
AGD;B007;22/05/2026;4046;22/05/2026;32;APT;Integração
AGD;B008;11/06/2026;1598;11/06/2026;34,2;APT;Integração
AGD;B009;11/06/2026;4894;11/06/2026;34,2;APT;Integração
AGD;B010;22/05/2026;3942;22/05/2026;32;APT;Integração
AGD;B011;11/06/2026;4575;11/06/2026;34,2;APT;Integração
AGD;B012;11/06/2026;4730;11/06/2026;34,2;APT;Integração
AGD;B013;29/05/2026;3437;29/05/2026;24,5;APT;Integração
AGD;B014;22/05/2026;3878;22/05/2026;32;APT;Integração
AGD;B015;11/06/2026;4753;11/06/2026;34,2;APT;Integração
AGD;B016;29/05/2026;3740;29/05/2026;24,5;APT;Integração
AGD;B019;29/05/2026;3397;29/05/2026;24,5;APT;Integração
AGD;B020;11/06/2026;4542;11/06/2026;34,2;APT;Integração
AGD;B021;29/05/2026;3750;29/05/2026;24,5;APT;Integração
AGD;B022;11/06/2026;5360;11/06/2026;34,2;APT;Integração
AGD;B023;11/06/2026;4961;11/06/2026;34,2;APT;Integração
AGD;B024;22/05/2026;3763;22/05/2026;32;APT;Integração
AGD;B025;22/05/2026;3932;22/05/2026;32;APT;Integração
AGD;B029;22/05/2026;3815;22/05/2026;32;APT;Integração
AGD;B030;29/05/2026;3990;29/05/2026;24,5;APT;Integração
AGD;B032;11/06/2026;4870;11/06/2026;34,2;APT;Integração
AGD;B035;29/05/2026;4104;29/05/2026;24,5;APT;Integração
AGD;B036;29/05/2026;3636;29/05/2026;24,5;APT;Integração
AGD;B038;29/05/2026;3737;29/05/2026;24,5;APT;Integração
AGD;B041;11/06/2026;5000;11/06/2026;34,2;APT;Integração
AGD;B042;11/06/2026;4831;11/06/2026;34,2;APT;Integração
AGD;B043;22/05/2026;3819;22/05/2026;32;APT;Integração
AGD;B044;29/05/2026;3766;29/05/2026;24,5;APT;Integração
AGD;B046;22/05/2026;3568;22/05/2026;32;APT;Integração
AGD;B047;11/06/2026;4886;11/06/2026;34,2;APT;Integração
AGD;B048;22/05/2026;3586;22/05/2026;32;APT;Integração
AGD;B049;29/05/2026;3591;29/05/2026;24,5;APT;Integração
AGD;B050;22/05/2026;3856;22/05/2026;32;APT;Integração
AGD;B051;22/05/2026;3917;22/05/2026;32;APT;Integração
AGD;B054;22/05/2026;3713;22/05/2026;32;APT;Integração
AGD;B055;22/05/2026;3930;22/05/2026;32;APT;Integração
AGD;E001;19/01/2026;2811;09/06/2026;738;APT;Integração
AGD;E002;23/01/2026;3042;09/06/2026;726;APT;Integração
AGD;E003;26/12/2025;3100;14/04/2026;515,2;APT;Integração
AGD;E004;19/01/2026;2922;09/06/2026;921;APT;Integração
AGD;E005;18/12/2025;2904;16/04/2026;326,5;APT;Integração
AGD;E006;08/05/2026;3709;26/05/2026;147,3;APT;Integração
AGD;E007;29/04/2026;3647;26/05/2026;174;APT;Integração
AGD;E008;19/01/2026;2974;09/06/2026;448;APT;Integração
AGD;E009;25/02/2026;3573;10/06/2026;695,9;APT;Integração
AGD;E010;25/02/2026;3603;11/06/2026;726,4;APT;Integração
AGD;E011;08/05/2026;3672;27/05/2026;131,4;APT;Integração
AGD;E012;29/04/2026;3190;26/05/2026;133;APT;Integração
AGD;E013;18/12/2025;3107;16/04/2026;652,4;APT;Integração
AGD;E014;14/01/2026;3071;09/06/2026;705;APT;Integração
AGD;E015;18/12/2025;3084;14/04/2026;651,1;APT;Integração
AGD;E016;16/02/2026;3588;09/06/2026;520,7;APT;Integração
AGD;E017;29/04/2026;3233;26/05/2026;84,6;APT;Integração
AGD;E018;08/05/2026;3657;26/05/2026;134,2;APT;Integração
AGD;E019;19/01/2026;2837;09/06/2026;510;APT;Integração
AGD;E020;23/01/2026;2969;09/06/2026;846;APT;Integração
AGD;E021;22/11/2025;2636;24/02/2026;235,7;APT;Integração
AGD;E022;05/02/2026;3004;21/05/2026;248;APT;Integração
AGD;E023;26/12/2025;2688;16/04/2026;652,4;APT;Integração
AGD;E024;14/01/2026;2920;09/06/2026;704,4;APT;Integração
AGD;E025;16/02/2026;3161;09/06/2026;330,5;APT;Integração
AGD;E026;05/02/2026;3061;19/05/2026;244;APT;Integração
AGD;E027;23/01/2026;2838;09/06/2026;546;APT;Integração
AGD;E029;27/11/2025;1524;25/02/2026;239,2;APT;Integração
AGD;E030;18/12/2025;2932;14/04/2026;321,5;APT;Integração
AGD;E031;16/02/2026;3547;11/06/2026;505,5;APT;Integração
AGD;E032;27/11/2025;3071;24/02/2026;334,3;APT;Integração
AGD;E034;26/12/2025;2983;16/04/2026;513;APT;Integração
AGD;E035;24/10/2025;3089;08/04/2026;595;APT;Integração
AGD;E036;19/01/2026;2940;09/06/2026;704,7;APT;Integração
AGD;E037;27/11/2025;2583;25/02/2026;235,4;APT;Integração
AGD;E038;14/01/2026;3057;09/06/2026;691;APT;Integração
AGD;E039;29/04/2026;3847;25/05/2026;170;APT;Integração
AGD;E040;24/10/2025;2364;08/04/2026;567;APT;Integração
AGD;E041;27/11/2025;2740;25/02/2026;418;APT;Integração
AGD;E042;14/01/2026;2921;09/06/2026;483;APT;Integração
AGD;E043;19/01/2026;2949;09/06/2026;831;APT;Integração
AGD;E044;04/12/2025;2246;30/03/2026;605,2;APT;Integração
AGD;E045;04/12/2025;2796;26/03/2026;438,5;APT;Integração
AGD;E046;05/02/2026;3297;20/05/2026;449,6;APT;Integração
AGD;E047;22/11/2025;2829;23/02/2026;337,2;APT;Integração
AGD;E048;27/11/2025;3005;25/02/2026;337,2;APT;Integração
AGD;E049;18/12/2025;3182;14/04/2026;514,3;APT;Integração
AGD;E050;25/02/2026;3661;12/06/2026;698,8;APT;Integração
AGD;E051;05/02/2026;3317;19/05/2026;442;APT;Integração
AGD;E052;19/01/2026;2393;09/06/2026;843;APT;Integração
AGD;E053;29/04/2026;3698;25/05/2026;190,7;APT;Integração
AGD;E054;14/01/2026;3185;09/06/2026;794;APT;Integração
AGD;E055;14/01/2026;2927;09/06/2026;515;APT;Integração
AGD;E056;05/02/2026;3196;19/05/2026;615;APT;Integração
AGD;E057;14/01/2026;2962;09/06/2026;772;APT;Integração
AGD;E058;19/01/2026;2925;09/06/2026;646;APT;Integração
AGD;E059;29/04/2026;3442;26/05/2026;205,4;APT;Integração
AGD;E060;05/02/2026;2029;21/05/2026;249;APT;Integração
AGD;E061;05/02/2026;3128;21/05/2026;446,8;APT;Integração
AGD;E062;14/01/2026;2898;09/06/2026;529;APT;Integração
AGD;E063;26/12/2025;2908;15/04/2026;511,8;APT;Integração
AGD;E064;22/11/2025;2417;27/02/2026;237,2;APT;Integração
AGD;E065;25/02/2026;3582;10/06/2026;507,2;APT;Integração
AGD;E066;14/01/2026;2960;09/06/2026;660;APT;Integração
AGD;E067;04/12/2025;2761;25/03/2026;432;APT;Integração
AGD;E068;08/05/2026;3596;27/05/2026;138,3;APT;Integração
AGD;E069;30/01/2026;2931;09/06/2026;871;APT;Integração
AGD;E070;30/01/2026;2868;09/06/2026;716;APT;Integração
AGD;E071;29/04/2026;3743;25/05/2026;130;APT;Integração
AGD;E072;29/04/2026;3561;26/05/2026;194,7;APT;Integração
AGD;E073;23/01/2026;2953;09/06/2026;861;APT;Integração
AGD;E074;29/04/2026;3631;25/05/2026;217,3;APT;Integração
AGD;E075;05/02/2026;3074;21/05/2026;602,4;APT;Integração
AGD;E076;16/02/2026;3581;08/06/2026;501,1;APT;Integração
AGD;E077;16/02/2026;3588;08/06/2026;693,7;APT;Integração
AGD;E078;22/11/2025;2165;04/03/2026;212,2;APT;Integração
AGD;E079;29/04/2026;3684;25/05/2026;156,6;APT;Integração
AGD;E081;23/01/2026;3155;09/06/2026;666;APT;Integração
AGD;E082;04/12/2025;1154;30/03/2026;308,5;APT;Integração
AGD;E083;04/12/2025;2870;27/03/2026;301;APT;Integração
AGD;E084;29/04/2026;3528;25/05/2026;99,4;APT;Integração
AGD;E085;16/02/2026;2567;10/06/2026;696,8;APT;Integração
AGD;E086;22/11/2025;2863;27/02/2026;334,9;APT;Integração
AGD;E087;08/05/2026;3649;26/05/2026;137,5;APT;Integração
AGD;E088;04/12/2025;2675;25/03/2026;303,2;APT;Integração
AGD;E089;22/11/2025;2638;26/02/2026;334,2;APT;Integração
AGD;E090;04/12/2025;2764;27/03/2026;439,6;APT;Integração
AGD;E091;27/11/2025;2661;24/02/2026;335,5;APT;Integração
AGD;E092;08/05/2026;1631;27/05/2026;124;APT;Integração
AGD;E093;16/02/2026;3645;08/06/2026;704,7;APT;Integração
AGD;E094;29/04/2026;3628;25/05/2026;140,4;APT;Integração
AGD;E095;16/02/2026;4554;10/06/2026;714,8;APT;Integração
AGD;E096;08/05/2026;3382;26/05/2026;141,1;APT;Integração
AGD;E097;05/02/2026;3105;20/05/2026;241,2;APT;Integração
AGD;E098;30/01/2026;3027;09/06/2026;713;APT;Integração
AGD;E100;22/11/2025;1029;24/02/2026;132,8;APT;Integração
AGD;E101;27/11/2025;953;25/02/2026;471,4;APT;Integração
AGD;E102;22/11/2025;1090;27/02/2026;336,8;APT;Integração
AGD;E105;25/02/2026;1292;12/06/2026;523,6;APT;Integração
AGD;E106;27/11/2025;1157;25/02/2026;338;APT;Integração
AGD;E107;25/02/2026;1480;09/06/2026;706;APT;Integração
AGD;E108;25/02/2026;1503;11/06/2026;541,8;APT;Integração
AGD;E111;16/02/2026;1282;10/06/2026;337,1;APT;Integração
AGD;E114;04/12/2025;896;30/03/2026;441,7;APT;Integração
AGD;E116;25/02/2026;1240;09/06/2026;336;APT;Integração
AGD;E117;25/02/2026;1516;12/06/2026;527,6;APT;Integração
AGD;E119;25/02/2026;1313;10/06/2026;338;APT;Integração
AGD;E121;25/02/2026;1296;12/06/2026;319,3;APT;Integração
AGD;E123;24/10/2025;942;08/04/2026;486;APT;Integração
AGD;E129;25/02/2026;1231;12/06/2026;342,9;APT;Integração
AGD;R001;25/03/2026;3410;05/05/2026;120,8;APT;Integração
AGD;R002;09/04/2026;2963;07/05/2026;79,2;APT;Integração
AGD;R004;08/05/2026;2602;27/05/2026;185,9;APT;Integração
AGD;R007;09/03/2026;2672;07/04/2026;56,5;APT;Integração
AGD;R008;09/04/2026;2961;11/05/2026;80,2;APT;Integração
AGD;R009;16/04/2026;2322;14/05/2026;44,4;APT;Integração
AGD;R010;25/03/2026;3153;05/05/2026;110,2;APT;Integração
AGD;R012;09/03/2026;2725;07/04/2026;85,8;APT;Integração
AGD;R013;09/04/2026;2314;11/05/2026;81;APT;Integração
AGD;R014;13/05/2026;3189;05/06/2026;97,3;APT;Integração
AGD;R015;25/03/2026;3047;04/05/2026;116,3;APT;Integração
AGD;R016;08/05/2026;3214;26/05/2026;179,8;APT;Integração
AGD;R017;09/04/2026;4226;07/05/2026;59;APT;Integração
AGD;R018;13/05/2026;3137;05/06/2026;98;APT;Integração
AGD;R021;25/03/2026;3145;04/05/2026;114,9;APT;Integração
AGD;R023;09/04/2026;2949;07/05/2026;78;APT;Integração
AGD;R024;25/03/2026;3104;04/05/2026;79,6;APT;Integração
AGD;R025;28/04/2026;3265;02/06/2026;96;APT;Integração
AGD;R027;08/05/2026;2959;26/05/2026;203,9;APT;Integração
AGD;R030;09/04/2026;3011;11/05/2026;84,5;APT;Integração
AGD;R032;09/03/2026;2681;06/04/2026;54,1;APT;Integração
AGD;R034;09/03/2026;2622;07/04/2026;57,1;APT;Integração
AGD;R035;09/03/2026;2499;06/04/2026;87,3;APT;Integração
AGD;R036;17/03/2026;2389;10/04/2026;93,7;APT;Integração
AGD;R037;09/03/2026;2444;07/04/2026;87,6;APT;Integração
AGD;R041;09/03/2026;2687;06/04/2026;85,5;APT;Integração
AGD;R042;08/05/2026;2957;27/05/2026;177,5;APT;Integração
AGD;R044;02/04/2026;3197;06/05/2026;96,5;APT;Integração
AGD;R046;09/03/2026;1696;09/04/2026;89;APT;Integração
AGD;R048;09/04/2026;2964;07/05/2026;79;APT;Integração
AGD;R049;13/05/2026;3173;05/06/2026;87;APT;Integração
AGD;R050;09/04/2026;3038;11/05/2026;64,2;APT;Integração
AGD;R056;28/04/2026;3204;01/06/2026;122,9;APT;Integração
AGD;R057;17/03/2026;2384;10/04/2026;99;APT;Integração
AGD;R060;17/03/2026;2335;10/04/2026;97;APT;Integração
AGD;R061;13/05/2026;3208;03/06/2026;102,9;APT;Integração
AGD;R062;09/03/2026;1863;09/04/2026;56,5;APT;Integração
AGD;R063;17/03/2026;1667;13/04/2026;98;APT;Integração
AGD;R064;13/05/2026;2634;05/06/2026;98,6;APT;Integração
AGD;R065;25/03/2026;3085;04/05/2026;79,4;APT;Integração
AGD;R066;25/03/2026;3098;04/05/2026;119,1;APT;Integração
AGD;R067;09/04/2026;2686;07/05/2026;58,6;APT;Integração
AGD;R068;02/04/2026;3140;06/05/2026;61,3;APT;Integração
AGD;R069;13/05/2026;3177;03/06/2026;84,9;APT;Integração
AGD;R070;13/05/2026;1869;05/06/2026;96,7;APT;Integração
AGD;R071;09/03/2026;2357;06/04/2026;86;APT;Integração
AGD;R073;08/05/2026;315;27/05/2026;88,3;APT;Integração
AGD;R074;02/04/2026;3176;05/05/2026;99,2;APT;Integração
AGD;R075;16/04/2026;2711;15/05/2026;45,5;APT;Integração
AGD;R077;13/05/2026;3211;03/06/2026;98,8;APT;Integração
AGD;R078;13/05/2026;3176;03/06/2026;102,6;APT;Integração
AGD;R079;09/04/2026;3016;07/05/2026;56;APT;Integração
AGD;R080;13/05/2026;3147;05/06/2026;85,9;APT;Integração
AGD;R081;17/03/2026;2223;09/04/2026;92,1;APT;Integração
AGD;R082;17/03/2026;1637;13/04/2026;58,6;APT;Integração
AGD;R085;28/04/2026;856;02/06/2026;102;APT;Integração
AGD;R086;09/03/2026;2604;09/04/2026;87,7;APT;Integração
AGD;R087;09/04/2026;3094;07/05/2026;78,3;APT;Integração
AGD;R089;25/03/2026;3198;05/05/2026;80,6;APT;Integração
AGD;R090;17/03/2026;2198;13/04/2026;101;APT;Integração
AGD;R091;08/05/2026;2900;26/05/2026;198;APT;Integração
AGD;R093;02/04/2026;3126;06/05/2026;62,5;APT;Integração
AGD;R095;08/05/2026;2859;26/05/2026;192,8;APT;Integração
AGD;R097;16/04/2026;2705;14/05/2026;45;APT;Integração
AGD;R098;13/05/2026;3143;05/06/2026;104,4;APT;Integração
AGD;R099;02/04/2026;3176;06/05/2026;95,1;APT;Integração
AGD;R100;13/05/2026;3412;03/06/2026;84;APT;Integração
AGD;R102;28/04/2026;3205;02/06/2026;132,1;APT;Integração
AGD;R103;02/04/2026;3325;06/05/2026;61,8;APT;Integração
AGD;R104;25/02/2026;1281;11/06/2026;342,2;APT;Integração
AGD;R108;25/03/2026;3175;05/05/2026;80,1;APT;Integração
AGD;R110;16/04/2026;2708;14/05/2026;63,7;APT;Integração
AGD;R111;17/03/2026;2612;10/04/2026;57,6;APT;Integração
AGD;R112;25/03/2026;3162;05/05/2026;115;APT;Integração
AGD;R113;17/03/2026;2668;10/04/2026;58;APT;Integração
AGD;R114;02/04/2026;3127;06/05/2026;96,8;APT;Integração
AGD;R115;02/04/2026;3116;06/05/2026;99,8;APT;Integração
AGD;R116;02/04/2026;3110;05/05/2026;60,9;APT;Integração
AGD;R118;17/03/2026;2447;09/04/2026;90,2;APT;Integração
AGD;R119;02/04/2026;3142;06/05/2026;62,7;APT;Integração
AGD;R120;28/04/2026;3207;02/06/2026;95;APT;Integração
AGD;R122;09/04/2026;2880;11/05/2026;61,9;APT;Integração
AGD;R125;28/04/2026;3213;02/06/2026;89;APT;Integração
AGD;R126;16/04/2026;2530;14/05/2026;43,4;APT;Integração
AGD;R128;28/04/2026;3191;02/06/2026;99,9;APT;Integração
AGD;R129;28/04/2026;3198;02/06/2026;102;APT;Integração
AGD;R130;16/04/2026;2881;15/05/2026;63,1;APT;Integração
AGD;R131;25/02/2026;2368;13/03/2026;47;APT;Integração
AGD;R132;25/03/2026;3147;05/05/2026;111,5;APT;Integração
AGD;R133;13/05/2026;3189;03/06/2026;86,7;APT;Integração
AGD;R134;02/04/2026;3144;05/05/2026;98,4;APT;Integração
AGD;R135;16/04/2026;2816;15/05/2026;63,1;APT;Integração
AGD;R136;02/04/2026;3170;05/05/2026;62,2;APT;Integração
AGD;R139;09/03/2026;2535;02/04/2026;57,2;APT;Integração
AGD;R140;29/04/2026;2877;26/05/2026;92,1;APT;Integração
AGD;R141;28/04/2026;3214;01/06/2026;88,3;APT;Integração
AGD;R142;13/05/2026;3152;05/06/2026;84,3;APT;Integração
AGD;R143;28/04/2026;3174;02/06/2026;102;APT;Integração
AGD;R144;16/04/2026;2778;15/05/2026;45,3;APT;Integração
AGD;R145;09/03/2026;2634;02/04/2026;87,5;APT;Integração
AGD;R146;09/03/2026;3038;06/04/2026;56,1;APT;Integração
AGD;R149;25/03/2026;3141;04/05/2026;81,6;APT;Integração
AGD;R150;25/03/2026;3105;04/05/2026;118;APT;Integração
AGD;R152;17/03/2026;2652;09/04/2026;57,5;APT;Integração
AGD;R153;02/04/2026;3484;06/05/2026;98,6;APT;Integração
AGD;R154;28/04/2026;3213;02/06/2026;100,6;APT;Integração
AGD;R155;09/04/2026;3080;07/05/2026;78;APT;Integração
AGD;R156;28/04/2026;3214;02/06/2026;96,4;APT;Integração
AGD;R160;09/04/2026;2020;11/05/2026;61;APT;Integração
AGD;R162;16/04/2026;2445;14/05/2026;64;APT;Integração
AGD;R163;28/04/2026;3215;01/06/2026;83,2;APT;Integração
EDB;DBO42;25/02/2026;418197;25/02/2026;1;ITA;Parceria
ESP;ESP01;20/03/2026;89557;12/05/2026;303;ITA;Parceria
ESP;ESP02;20/03/2026;40899;12/05/2026;284;ITA;Parceria
ESP;ESP03;30/12/2025;63000;21/04/2026;895;ITA;Parceria
ESP;ESP04;30/12/2025;47700;12/05/2026;692;ITA;Parceria
ESP;ESP05;30/12/2025;47000;21/04/2026;810;ITA;Parceria
ILA;ILA01;24/03/2026;78153;06/05/2026;88;ITA;Integração
ILA;ILA02;10/03/2026;18432;28/05/2026;745;ITA;Integração
ILA;ILA03;10/03/2026;23670;28/05/2026;739;ITA;Integração
ILA;ILA04;09/03/2026;62428;28/05/2026;323;ITA;Integração
ILA;ILA05;06/04/2026;43547;28/05/2026;263;ITA;Integração
ILA;ILA07;27/04/2026;46587;06/05/2026;53;ITA;Integração
ILA;ILA08;25/05/2026;60867;25/05/2026;125;ITA;Integração
ILA;ILA09;04/12/2025;85147;28/05/2026;756;ITA;Integração
ILA;ILA10;10/02/2026;68340;28/05/2026;703;ITA;Integração
ILA;ILAB1;02/04/2026;100000;28/05/2026;30;ITA;Integração
ILA;ILAB2;25/05/2026;33732;26/05/2026;96;ITA;Integração
JTB;JTB01;08/12/2025;68549;22/05/2026;729;ITA;Integração
JTB;JTB02;08/01/2026;96788;22/05/2026;535;ITA;Integração
JTB;JTB03;14/01/2026;101858;22/05/2026;575;ITA;Integração
JTB;JTB04;27/11/2025;110842;22/05/2026;754;ITA;Integração
JTB;JTB05;13/10/2025;87681;22/05/2026;877;ITA;Integração
JTB;JTB06;24/12/2025;50807;22/05/2026;813;ITA;Integração
JTB;JTB07;28/11/2025;46942;22/05/2026;971;ITA;Integração
LDC;LDC56;05/06/2026;4584;05/06/2026;36,6;APT;Integração
LDC;LDC209;30/03/2026;10494;02/05/2026;220;APT;Integração
LDC;LDC233;29/04/2026;3952;14/06/2026;220;APT;Integração
LDC;LDC244;07/02/2026;10071;02/05/2026;220;APT;Integração
LDC;LDC245;28/02/2026;9824;10/05/2026;220;APT;Integração
LDC;LDC246;28/02/2026;9916;10/05/2026;220;APT;Integração
LDC;LDC255;30/01/2026;7984;02/05/2026;305,9;APT;Integração
LDC;LDC298;22/04/2026;10159;19/05/2026;285,1;APT;Integração
LDC;LDC001;05/06/2026;4584;05/06/2026;36,6;APT;Integração
LDC;LDC004;15/04/2026;4935;15/04/2026;34;APT;Integração
LDC;LDC006;15/04/2026;4561;15/04/2026;34;APT;Integração
LDC;LDC007;17/04/2026;4937;17/04/2026;43;APT;Integração
LDC;LDC010;05/06/2026;4486;05/06/2026;36,6;APT;Integração
LDC;LDC021;05/06/2026;4525;05/06/2026;36,6;APT;Integração
LDC;LDC022;19/03/2026;4864;19/03/2026;33,5;APT;Integração
LDC;LDC023;05/06/2026;4538;05/06/2026;36,6;APT;Integração
LDC;LDC024;19/03/2026;4565;29/04/2026;61,9;APT;Integração
LDC;LDC025;20/05/2026;2459;20/05/2026;34;APT;Integração
LDC;LDC029;09/03/2026;4832;09/03/2026;34;APT;Integração
LDC;LDC030;11/03/2026;4977;11/03/2026;40;APT;Integração
LDC;LDC032;14/06/2026;6000;14/06/2026;38,7;APT;Integração
LDC;LDC034;05/06/2026;4519;05/06/2026;36,6;APT;Integração
LDC;LDC036;15/04/2026;4547;15/04/2026;34;APT;Integração
LDC;LDC038;17/04/2026;4679;17/04/2026;43;APT;Integração
LDC;LDC039;20/05/2026;2599;20/05/2026;34;APT;Integração
LDC;LDC041;05/06/2026;4467;05/06/2026;36,6;APT;Integração
LDC;LDC041;05/06/2026;4634;05/06/2026;36,6;APT;Integração
LDC;LDC042;11/05/2026;4624;11/05/2026;32,9;APT;Integração
LDC;LDC043;17/04/2026;4896;17/04/2026;43;APT;Integração
LDC;LDC044;09/03/2026;4498;09/03/2026;34;APT;Integração
LDC;LDC046;05/06/2026;4578;05/06/2026;36,6;APT;Integração
LDC;LDC049;14/06/2026;5892;14/06/2026;38,7;APT;Integração
LDC;LDC050;15/04/2026;4500;15/04/2026;34;APT;Integração
LDC;LDC051;20/05/2026;2477;20/05/2026;34;APT;Integração
LDC;LDC052;19/03/2026;4815;19/03/2026;33,5;APT;Integração
LDC;LDC053;19/03/2026;4510;19/03/2026;33,5;APT;Integração
LDC;LDC054;09/03/2026;4988;09/03/2026;34;APT;Integração
LDC;LDC054;20/05/2026;2490;20/05/2026;34;APT;Integração
LDC;LDC055;14/06/2026;5148;14/06/2026;38,7;APT;Integração
LDC;LDC057;09/03/2026;4619;09/03/2026;34;APT;Integração
LDC;LDC059;15/04/2026;4714;15/04/2026;34;APT;Integração
LDC;LDC060;20/05/2026;2490;20/05/2026;34;APT;Integração
LDC;LDC061;20/05/2026;2483;20/05/2026;34;APT;Integração
LDC;LDC063;20/05/2026;2476;20/05/2026;34;APT;Integração
LDC;LDC064;14/06/2026;4460;14/06/2026;38,7;APT;Integração
LDC;LDC065;20/05/2026;2458;20/05/2026;34;APT;Integração
LDC;LDC068;14/06/2026;5148;14/06/2026;38,7;APT;Integração
LDC;LDC069;19/03/2026;4233;19/03/2026;33,5;APT;Integração
LDC;LDC070;20/05/2026;2436;20/05/2026;34;APT;Integração
LDC;LDC072;19/03/2026;4645;19/03/2026;33,5;APT;Integração
LDC;LDC073;14/06/2026;6000;14/06/2026;38,7;APT;Integração
LDC;LDC075;05/06/2026;4520;05/06/2026;36,6;APT;Integração
LDC;LDC077;14/06/2026;4460;14/06/2026;38,7;APT;Integração
LDC;LDC079;20/05/2026;2471;20/05/2026;34;APT;Integração
LDC;LDC080;17/04/2026;4582;17/04/2026;43;APT;Integração
LDC;LDC081;11/03/2026;4763;11/03/2026;40;APT;Integração
LDC;LDC084;17/04/2026;4733;17/04/2026;43;APT;Integração
LDC;LDC087;09/03/2026;4925;09/03/2026;34;APT;Integração
LDC;LDC088;19/03/2026;4692;19/03/2026;33,5;APT;Integração
LDC;LDC090;11/05/2026;4615;11/05/2026;32,9;APT;Integração
LDC;LDC092;09/03/2026;4517;09/03/2026;34;APT;Integração
LDC;LDC093;17/04/2026;5952;17/04/2026;43;APT;Integração
LDC;LDC094;20/05/2026;2496;20/05/2026;34;APT;Integração
LDC;LDC095;07/02/2026;4995;07/02/2026;25;APT;Integração
LDC;LDC097;14/06/2026;5892;14/06/2026;38,7;APT;Integração
LDC;LDC099;11/05/2026;4663;11/05/2026;32,9;APT;Integração
LDC;LDC100;11/03/2026;4080;11/03/2026;40;APT;Integração
LDC;LDC101;11/05/2026;4877;11/05/2026;32,9;APT;Integração
LDC;LDC104;17/01/2026;5949;05/06/2026;218,6;APT;Integração
LDC;LDC105;11/05/2026;4816;11/05/2026;32,9;APT;Integração
LDC;LDC106;14/06/2026;6000;14/06/2026;38,7;APT;Integração
LDC;LDC108;09/03/2026;5610;09/03/2026;30;APT;Integração
LDC;LDC112;05/06/2026;4573;05/06/2026;36,6;APT;Integração
LDC;LDC116;11/05/2026;13254;11/05/2026;32,9;APT;Integração
LDC;LDC117;11/05/2026;13221;11/05/2026;32,9;APT;Integração
LDC;LDC131;18/09/2025;5220;15/01/2026;149,5;APT;Integração
LDC;LDC148;19/03/2026;4448;19/03/2026;33,5;APT;Integração
LDC;LDC151;17/04/2026;5772;17/04/2026;43;APT;Integração
LDC;LDC154;09/03/2026;4866;09/03/2026;34;APT;Integração
LDC;LDC156;20/05/2026;2445;20/05/2026;34;APT;Integração
LDC;LDC158;15/04/2026;4209;15/04/2026;34;APT;Integração
LDC;LDC164;15/04/2026;4266;15/04/2026;34;APT;Integração
LDC;LDC165;17/04/2026;4791;17/04/2026;43;APT;Integração
LDC;LDC166;05/06/2026;4584;05/06/2026;36,6;APT;Integração
LDC;LDC168;17/04/2026;4847;17/04/2026;43;APT;Integração
LDC;LDC169;30/03/2026;5460;14/06/2026;149,8;APT;Integração
LDC;LDC170;19/03/2026;4804;19/03/2026;33,5;APT;Integração
LDC;LDC171;14/06/2026;6000;14/06/2026;38,7;APT;Integração
LDC;LDC179;29/12/2025;5454;12/04/2026;151,7;APT;Integração
LDC;LDC201;09/03/2026;10567;02/05/2026;220;APT;Integração
LDC;LDC203;22/11/2025;10653;19/05/2026;269,8;APT;Integração
LDC;LDC204;17/01/2026;10362;02/05/2026;460,8;APT;Integração
LDC;LDC206;30/03/2026;10210;02/05/2026;233;APT;Integração
LDC;LDC208;11/12/2025;10124;09/03/2026;205;APT;Integração
LDC;LDC210;09/03/2026;11564;10/03/2026;150;APT;Integração
LDC;LDC211;27/11/2025;10528;09/03/2026;260,7;APT;Integração
LDC;LDC218;17/01/2026;10760;29/04/2026;737,5;APT;Integração
LDC;LDC221;09/03/2026;10406;10/03/2026;150;APT;Integração
LDC;LDC230;07/02/2026;1212;05/06/2026;220;APT;Integração
LDC;LDC230;09/03/2026;10535;14/06/2026;227,4;APT;Integração
LDC;LDC231;30/10/2025;9786;07/02/2026;237,7;APT;Integração
LDC;LDC232;20/10/2025;9929;31/01/2026;244,5;APT;Integração
LDC;LDC243;22/01/2026;9913;02/05/2026;220;APT;Integração
LDC;LDC264;15/01/2026;10321;12/04/2026;410;APT;Integração
LDC;LDC267;14/11/2025;10913;29/04/2026;450;APT;Integração
LDC;LDC269;06/04/2026;9935;17/05/2026;220;APT;Integração
LDC;LDC271;16/02/2026;877;01/06/2026;310;APT;Integração
LDC;LDC272;09/03/2026;8528;14/06/2026;323,7;APT;Integração
LDC;LDC273;22/01/2026;10294;12/04/2026;458,1;APT;Integração
LDC;LDC274;14/11/2025;3195;09/03/2026;280;APT;Integração
LDC;LDC276;29/12/2025;10566;09/03/2026;220;APT;Integração
LDC;LDC277;22/04/2026;10703;19/05/2026;220;APT;Integração
LDC;LDC281;22/11/2025;10608;23/04/2026;507,7;APT;Integração
LDC;LDC283;16/02/2026;10729;05/06/2026;221,4;APT;Integração
LDC;LDC284;29/04/2026;10532;05/06/2026;226,8;APT;Integração
LDC;LDC287 ;17/01/2026;9900;13/04/2026;310;APT;Integração
LDC;LDC288;11/03/2026;10685;05/06/2026;310;APT;Integração
LDC;LDC291;16/02/2026;10658;02/05/2026;310;APT;Integração
LDC;LDC296;10/10/2025;8374;29/04/2026;560;APT;Integração
LDC;LDC297;29/12/2025;10062;09/03/2026;220;APT;Integração
LDC;LDC299;29/12/2025;9317;09/03/2026;220;APT;Integração
LDC;LDC300;16/02/2026;7876;14/06/2026;526,2;APT;Integração
LDC;LDC301;22/01/2026;6384;09/03/2026;320,2;APT;Integração
LDC;LDC302;15/01/2026;7980;12/04/2026;220;APT;Integração
LDC;LDC305;06/04/2026;7745;19/05/2026;220;APT;Integração
LDC;LDC308;22/11/2025;12991;22/11/2025;20;APT;Integração
LDC;LDC319;22/01/2026;10231;02/05/2026;345,9;APT;Integração
LDC;LDC370;08/09/2025;10409;12/04/2026;312,5;APT;Integração
LFB;LFB01;10/02/2026;38250;31/05/2026;700;ITA;Parceria
LFB;LFB02;27/03/2026;76500;31/05/2026;220;ITA;Parceria
LFB;LFB03;27/03/2026;76500;31/05/2026;220;ITA;Parceria
LFB;LFB04;09/04/2026;255000;31/05/2026;20;ITA;Parceria
LHS;LHS01;09/09/2025;43500;20/05/2026;934;ITA;Parceria
LHS;LHS02;27/10/2025;187500;20/05/2026;786;ITA;Parceria
LON;LON01;14/02/2026;74053;27/05/2026;118;ITA;Próprio
LON;LON02;29/04/2026;89383;27/05/2026;119;ITA;Próprio
LON;LON03;15/01/2026;146699;27/05/2026;110;ITA;Próprio
LON;LON04;15/01/2026;149856;27/05/2026;104;ITA;Próprio
LON;LON06;02/04/2026;8807;27/05/2026;376;ITA;Próprio
LON;LON07;07/03/2026;31709;27/05/2026;485;ITA;Próprio
LON;LON10;04/05/2026;28317;27/05/2026;263;ITA;Próprio
LON;LON11;15/01/2026;90446;27/05/2026;735;ITA;Próprio
LON;LON12;09/06/2025;23582;27/05/2026;831;ITA;Próprio
LON;LON13;02/04/2026;29109;27/05/2026;385;ITA;Próprio
LON;LON14;21/07/2025;25485;27/05/2026;796;ITA;Próprio
LON;LON16;13/12/2025;28913;27/05/2026;717;ITA;Próprio
LON;LON17;28/07/2025;11219;03/06/2026;590;ITA;Próprio
LON;LON18;05/05/2026;29760;27/05/2026;296;ITA;Próprio
LON;LON19;18/08/2025;23619;27/05/2026;728;ITA;Próprio
LON;LON21;08/10/2025;17842;27/05/2026;717;ITA;Próprio
LON;LON22;06/06/2026;25486;06/06/2026;223;ITA;Próprio
LON;LON24;09/12/2025;17856;27/05/2026;714;ITA;Próprio
LON;LON27;09/12/2025;28165;27/05/2026;597;ITA;Próprio
LON;LON28;16/05/2025;16999;27/05/2026;956;ITA;Próprio
LON;LON29;14/10/2025;26230;27/05/2026;677;ITA;Próprio
LON;LON30;09/12/2025;28955;27/05/2026;637;ITA;Próprio
LON;LON31;11/12/2025;29399;27/05/2026;657;ITA;Próprio
LON;LON32;12/12/2025;29291;27/05/2026;617;ITA;Próprio
LON;LON33;30/05/2026;21627;30/05/2026;212;ITA;Próprio
LON;LON34;12/12/2025;30639;27/05/2026;640;ITA;Próprio
LON;LON35;13/01/2026;30458;27/05/2026;566;ITA;Próprio
LON;LON36;02/04/2026;7416;27/05/2026;386;ITA;Próprio
LON;LON37;07/04/2026;8362;27/05/2026;330;ITA;Próprio
LON;LON38;06/04/2026;9987;27/05/2026;327;ITA;Próprio
LON;LON40;24/02/2026;10041;27/05/2026;650;ITA;Próprio
LON;LON42;19/02/2026;7989;27/05/2026;661;ITA;Próprio
LON;LON43;25/02/2026;5033;27/05/2026;677;ITA;Próprio
LON;LON44;16/01/2026;15062;27/05/2026;728;ITA;Próprio
LON;LON45;20/02/2026;26622;27/05/2026;578;ITA;Próprio
LON;LON46;28/02/2026;32396;27/05/2026;483;ITA;Próprio
LON;LON47;28/02/2026;25489;27/05/2026;535;ITA;Próprio
LON;LON48;05/06/2026;17000;;;ITA;Próprio
LON;LON49;18/02/2026;5316;27/05/2026;566;ITA;Próprio
LRC;LRC01;25/11/2025;56000;26/05/2026;322;ITA;Parceria
LRC;LRC03;25/11/2025;49000;26/05/2026;465;ITA;Parceria
LRC;LRC04;09/09/2025;49000;26/05/2026;675;ITA;Parceria
LRC;LRC05;09/09/2025;37000;08/06/2026;970;ITA;Parceria
LRG;LRG001;02/06/2026;6351;03/06/2026;61;APT;Integração
LRG;LRG002;25/05/2026;6076;26/05/2026;46;APT;Integração
LRG;LRG003;02/06/2026;6605;03/06/2026;64;APT;Integração
LRG;LRG004;25/05/2026;5955;26/05/2026;46;APT;Integração
LRG;LRG005;25/05/2026;5951;26/05/2026;46;APT;Integração
LRG;LRG008;02/06/2026;6847;03/06/2026;58;APT;Integração
LRG;LRG009;02/06/2026;6998;03/06/2026;57;APT;Integração
LRG;LRG010;15/05/2026;5351;16/05/2026;47;APT;Integração
LRG;LRG011;08/06/2026;8959;09/06/2026;51;APT;Integração
LRG;LRG012;08/06/2026;8638;09/06/2026;51;APT;Integração
LRG;LRG013;08/06/2026;8968;09/06/2026;51;APT;Integração
LRG;LRG014;25/05/2026;6118;26/05/2026;46;APT;Integração
LRG;LRG015;15/05/2026;5316;16/05/2026;52;APT;Integração
LRG;LRG016;02/06/2026;6285;03/06/2026;65;APT;Integração
LRG;LRG018;25/05/2026;5831;26/05/2026;46;APT;Integração
LRG;LRG020;15/05/2026;4953;16/05/2026;52;APT;Integração
LRG;LRG021;15/05/2026;5512;16/05/2026;52;APT;Integração
LRG;LRG023;02/06/2026;7283;03/06/2026;57;APT;Integração
LRG;LRG024;25/05/2026;6303;26/05/2026;46;APT;Integração
LRG;LRG025;08/06/2026;8919;09/06/2026;51;APT;Integração
LRG;LRG026;25/05/2026;3534;26/05/2026;46;APT;Integração
LRG;LRG027;08/06/2026;8803;09/06/2026;51;APT;Integração
LRG;LRG028;10/03/2026;2845;10/04/2026;76,1;APT;Integração
LRG;LRG029;27/02/2026;2847;06/04/2026;111;APT;Integração
LRG;LRG033;12/01/2026;1187;24/03/2026;31,4;APT;Integração
LRG;LRG035;25/04/2026;2656;12/05/2026;93;APT;Integração
LRG;LRG037;27/01/2026;2926;04/06/2026;166,2;APT;Integração
LRG;LRG045;13/02/2026;2918;31/03/2026;130;APT;Integração
LRG;LRG049;27/02/2026;2884;06/04/2026;56;APT;Integração
LRG;LRG054;15/05/2026;2808;21/05/2026;46,8;APT;Integração
LRG;LRG056;12/03/2026;2947;16/04/2026;75;APT;Integração
LRG;LRG074;28/03/2026;2923;17/04/2026;39;APT;Integração
LRG;LRG077;28/03/2026;2667;23/04/2026;54,4;APT;Integração
LRG;LRG079;11/05/2026;2957;02/06/2026;34;APT;Integração
LRG;LRG080;14/05/2026;2938;09/06/2026;61,6;APT;Integração
LRG;LRG081;28/03/2026;2875;17/04/2026;71;APT;Integração
LRG;LRG082;11/05/2026;2381;26/05/2026;58;APT;Integração
LRG;LRG083;11/05/2026;2810;19/05/2026;52,6;APT;Integração
LRG;LRG084;11/05/2026;2797;01/06/2026;38,5;APT;Integração
LRG;LRG085;14/05/2026;2694;21/05/2026;36,7;APT;Integração
LRG;LRG086;23/02/2026;2658;05/03/2026;45;APT;Integração
LRG;LRG087;14/05/2026;2836;19/05/2026;50;APT;Integração
LRG;LRG088;28/03/2026;2844;24/04/2026;40;APT;Integração
LRG;LRG089;28/03/2026;2481;27/04/2026;37;APT;Integração
LRG;LRG090;28/03/2026;2997;27/04/2026;50;APT;Integração
LRG;LRG091;28/03/2026;2387;24/04/2026;40;APT;Integração
LRG;LRG092;28/03/2026;2604;24/04/2026;33;APT;Integração
LRG;LRG093;11/05/2026;2989;12/06/2026;36,5;APT;Integração
LRG;LRG094;28/03/2026;3404;27/04/2026;34,5;APT;Integração
LRG;LRG095;23/02/2026;2675;17/03/2026;62,1;APT;Integração
LRG;LRG096;28/03/2026;2937;17/04/2026;39;APT;Integração
LRG;LRG097;25/04/2026;2647;12/05/2026;87,4;APT;Integração
LRG;LRG098;11/05/2026;2702;19/05/2026;37,1;APT;Integração
LRG;LRG099;31/12/2025;2789;23/04/2026;109,6;APT;Integração
LRG;LRG100;27/02/2026;2899;06/04/2026;56;APT;Integração
LRG;LRG109;28/03/2026;2743;27/04/2026;50;APT;Integração
LRG;LRG121;28/03/2026;2788;17/04/2026;39;APT;Integração
LRG;LRG135;23/02/2026;2895;17/03/2026;41,6;APT;Integração
LRG;LRG141;28/03/2026;2753;20/04/2026;45;APT;Integração
LRG;LRG161;15/01/2026;2710;18/05/2026;130,1;APT;Integração
LRG;LRG164;28/03/2026;2927;27/04/2026;48;APT;Integração
LRG;LRG165;11/05/2026;2654;21/05/2026;60;APT;Integração
LRG;LRG166;28/03/2026;2753;20/04/2026;45;APT;Integração
LRG;LRG167;28/03/2026;2631;20/04/2026;34;APT;Integração
LRG;LRG169;28/03/2026;2808;24/04/2026;59,1;APT;Integração
LRG;LRG170;28/03/2026;2431;23/04/2026;56;APT;Integração
LRG;LRG174;28/03/2026;2685;23/04/2026;38;APT;Integração
LRG;LRG176;28/03/2026;2836;27/04/2026;48;APT;Integração
LRG;LRG177;12/03/2026;2934;16/04/2026;137,1;APT;Integração
LRG;LRG300;07/03/2026;2550;12/05/2026;95,4;APT;Integração
LRG;LRG301;25/04/2026;2628;12/05/2026;111,9;APT;Integração
LRG;LRG302;07/04/2026;2493;09/05/2026;117,5;APT;Integração
LRG;LRG303;11/05/2026;1994;26/05/2026;87;APT;Integração
LRG;LRG304;27/02/2026;2870;06/04/2026;106,9;APT;Integração
LRG;LRG305;07/04/2026;2332;11/05/2026;117;APT;Integração
LRG;LRG306;07/04/2026;2584;11/05/2026;153,4;APT;Integração
LRG;LRG307;25/04/2026;2543;11/05/2026;113,8;APT;Integração
LRG;LRG308;25/04/2026;2810;12/05/2026;107,8;APT;Integração
LRG;LRG309;07/04/2026;2301;09/05/2026;150,5;APT;Integração
LRG;LRG310;14/05/2026;3027;03/06/2026;45;APT;Integração
LRG;LRG311;11/05/2026;2679;18/05/2026;52,3;APT;Integração
LRG;LRG312;15/05/2026;2668;21/05/2026;71,2;APT;Integração
LRG;LRG313;26/01/2026;3486;06/05/2026;118,3;APT;Integração
LRG;LRG314;11/05/2026;2693;21/05/2026;74;APT;Integração
LRG;LRG315;14/05/2026;2969;03/06/2026;75,4;APT;Integração
LRG;LRG316;11/05/2026;2919;01/06/2026;82,8;APT;Integração
LRG;LRG317;28/03/2026;2600;24/04/2026;63;APT;Integração
LRG;LRG318;07/04/2026;2735;11/05/2026;106,5;APT;Integração
LRG;LRG319;07/04/2026;2521;11/05/2026;159,2;APT;Integração
LRG;LRG320;07/04/2026;2806;11/05/2026;126,9;APT;Integração
LRG;LRG321;10/02/2026;393;13/06/2026;80,2;APT;Integração
LRG;LRG322;07/04/2026;2281;09/05/2026;109,4;APT;Integração
LRG;LRG323;28/03/2026;2378;24/04/2026;64,2;APT;Integração
LRG;LRG324;07/04/2026;2458;09/05/2026;122,8;APT;Integração
LRG;LRG325;28/03/2026;2824;27/04/2026;67,8;APT;Integração
LRG;LRG326;27/02/2026;2813;06/04/2026;111;APT;Integração
LRG;LRG327;14/05/2026;3005;12/06/2026;62,1;APT;Integração
LRG;LRG328;25/04/2026;2600;12/05/2026;63,6;APT;Integração
LRG;LRG329;14/05/2026;3019;12/06/2026;77,4;APT;Integração
LRG;LRG330;27/02/2026;2904;06/04/2026;56;APT;Integração
LRG;LRG331;25/04/2026;1614;12/05/2026;59;APT;Integração
LRG;LRG332;12/02/2026;2977;19/03/2026;69;APT;Integração
LRG;LRG333;25/04/2026;2500;11/05/2026;107;APT;Integração
LRG;LRG334;11/03/2026;2932;15/04/2026;115,3;APT;Integração
LRG;LRG335;07/04/2026;2196;09/05/2026;158,2;APT;Integração
LRG;LRG336;07/04/2026;2080;09/05/2026;150,8;APT;Integração
LRG;LRG337;28/03/2026;2775;20/04/2026;65;APT;Integração
LRG;LRG338;25/04/2026;2425;11/05/2026;88,6;APT;Integração
LRG;LRG339;11/03/2026;2859;14/04/2026;79,9;APT;Integração
LRG;LRG340;27/02/2026;2882;06/04/2026;66;APT;Integração
LRG;LRG341;28/03/2026;2485;23/04/2026;73,4;APT;Integração
LRG;LRG342;12/03/2026;2868;16/04/2026;79,5;APT;Integração
LRG;LRG343;28/03/2026;2687;20/04/2026;65;APT;Integração
LRG;LRG344;12/02/2026;2878;19/03/2026;69;APT;Integração
LRG;LRG345;10/02/2026;2827;17/03/2026;65;APT;Integração
LRG;LRG346;14/05/2026;2958;03/06/2026;80;APT;Integração
LRG;LRG347;12/02/2026;2051;10/06/2026;425,3;APT;Integração
LRG;LRG348;12/02/2026;2937;30/03/2026;98,8;APT;Integração
LRG;LRG349;27/02/2026;2908;06/04/2026;56;APT;Integração
LRG;LRG350;27/02/2026;2908;06/04/2026;66;APT;Integração
LRG;LRG351;12/03/2026;2950;15/04/2026;116,7;APT;Integração
LRG;LRG352;27/02/2026;2862;06/04/2026;97;APT;Integração
LRG;LRG353;14/05/2026;2905;19/05/2026;65,1;APT;Integração
LRG;LRG354;11/05/2026;2877;19/05/2026;72,5;APT;Integração
LRG;LRG355;10/03/2026;2806;10/04/2026;114,5;APT;Integração
LRG;LRG356;11/05/2026;2709;28/05/2026;72;APT;Integração
LRG;LRG357;14/05/2026;2951;09/06/2026;77,1;APT;Integração
LRG;LRG358;23/02/2026;2942;05/03/2026;45;APT;Integração
LRG;LRG359;11/05/2026;2895;02/06/2026;76,8;APT;Integração
LRG;LRG360;07/04/2026;2133;09/05/2026;131,1;APT;Integração
LRG;LRG361;10/03/2026;2860;14/04/2026;78,9;APT;Integração
LRG;LRG362;07/04/2026;2347;09/05/2026;118,7;APT;Integração
LRG;LRG363;23/02/2026;2787;05/03/2026;31;APT;Integração
LRG;LRG364;13/02/2026;2954;31/03/2026;70,3;APT;Integração
LRG;LRG365;14/05/2026;2953;09/06/2026;61;APT;Integração
LRG;LRG366;23/02/2026;2754;05/03/2026;45;APT;Integração
LRG;LRG368;11/03/2026;2925;15/04/2026;73,6;APT;Integração
LRG;LRG369;12/02/2026;2964;30/03/2026;97;APT;Integração
LRG;LRG370;10/02/2026;3022;17/03/2026;61,7;APT;Integração
LRG;LRG371;12/02/2026;2947;30/03/2026;62,8;APT;Integração
LRG;LRG372;11/05/2026;2892;01/06/2026;57;APT;Integração
LRG;LRG373;10/03/2026;2052;16/04/2026;118;APT;Integração
LRG;LRG374;13/02/2026;2927;30/03/2026;66;APT;Integração
LRG;LRG375;13/02/2026;2942;30/03/2026;97;APT;Integração
LRG;LRG376;10/02/2026;3071;17/03/2026;65;APT;Integração
LRG;LRG377;10/03/2026;2815;16/04/2026;63;APT;Integração
LRG;LRG378;23/02/2026;2852;19/03/2026;62,3;APT;Integração
LRG;LRG379;23/02/2026;3017;17/03/2026;60;APT;Integração
LRG;LRG380;10/02/2026;2945;19/03/2026;65;APT;Integração
LRG;LRG381;09/12/2025;3141;15/04/2026;141,6;APT;Integração
LRG;LRG382;23/02/2026;2869;17/03/2026;60;APT;Integração
LRG;LRG383;07/04/2026;2617;11/05/2026;120,4;APT;Integração
LRG;LRG384;27/02/2026;2879;06/04/2026;97;APT;Integração
LRG;LRG385;11/05/2026;2889;01/06/2026;76;APT;Integração
LRG;LRG386;07/04/2026;2462;11/05/2026;82;APT;Integração
LRG;LRG387;14/05/2026;2981;03/06/2026;80;APT;Integração
LRG;LRG388;12/03/2026;2897;16/04/2026;127,5;APT;Integração
LRG;LRG389;23/02/2026;2653;05/03/2026;45;APT;Integração
LRG;LRG390;28/03/2026;2827;17/04/2026;71;APT;Integração
LRG;LRG391;10/04/2026;2209;08/05/2026;156,7;APT;Integração
LRG;LRG392;11/05/2026;2828;18/05/2026;73,2;APT;Integração
LRG;LRG393;10/02/2026;2993;19/03/2026;62;APT;Integração
LRG;LRG394;07/04/2026;2341;09/05/2026;126,4;APT;Integração
LRG;LRG395;13/02/2026;2910;30/03/2026;66;APT;Integração
LRG;LRG396;10/03/2026;2934;14/04/2026;114,5;APT;Integração
LRG;LRG397;23/02/2026;3206;17/03/2026;60;APT;Integração
LRG;LRG398;11/05/2026;2180;28/05/2026;42,1;APT;Integração
LRG;LRG399;10/04/2026;2139;09/05/2026;143,7;APT;Integração
LRG;LRG400;13/02/2026;2972;30/03/2026;97;APT;Integração
LRG;LRG401;27/02/2026;2921;06/04/2026;111;APT;Integração
LRG;LRG402;07/04/2026;2010;09/05/2026;123,5;APT;Integração
LRG;LRG403;11/03/2026;2856;16/04/2026;68,5;APT;Integração
LRG;LRG404;12/02/2026;2941;30/03/2026;60;APT;Integração
LRG;LRG405;07/04/2026;2020;09/05/2026;145,3;APT;Integração
LRG;LRG406;10/02/2026;3042;13/06/2026;165,8;APT;Integração
LRG;LRG407;10/04/2026;2325;08/05/2026;127,4;APT;Integração
LRG;LRG408;12/03/2026;2878;15/04/2026;75,1;APT;Integração
LRG;LRG409;11/03/2026;2875;10/04/2026;83;APT;Integração
LRG;LRG410;11/03/2026;2812;10/04/2026;120,3;APT;Integração
LRG;LRG411;27/02/2026;2907;06/04/2026;56;APT;Integração
LRG;LRG412;27/02/2026;2845;06/04/2026;102,1;APT;Integração
LRG;LRG413;10/03/2026;2857;10/04/2026;72;APT;Integração
LRG;LRG414;10/03/2026;2897;10/04/2026;76,8;APT;Integração
LRG;LRG415;11/03/2026;2858;10/04/2026;80;APT;Integração
LRG;LRG416;12/03/2026;2930;16/04/2026;81,4;APT;Integração
LRG;LRG417;14/05/2026;2974;11/06/2026;64;APT;Integração
LRG;LRG418;15/05/2026;1088;12/06/2026;62;APT;Integração
LRG;LRG419;15/05/2026;3072;12/06/2026;60;APT;Integração
LRG;LRG420;15/05/2026;3200;12/06/2026;73,5;APT;Integração
LRG;LRG601;11/05/2026;2880;02/06/2026;56,4;APT;Integração
LRG;LRG602;28/03/2026;2950;17/04/2026;30;APT;Integração
LRG;LRG603;25/04/2026;3010;12/05/2026;81;APT;Integração
LRG;LRG604;25/04/2026;2696;12/05/2026;115;APT;Integração
LRG;LRG605;25/04/2026;2636;12/05/2026;91,4;APT;Integração
LRG;LRG606;25/04/2026;2538;12/05/2026;90;APT;Integração
LRG;LRG607;25/04/2026;2568;12/05/2026;113;APT;Integração
LRG;LRG608;14/05/2026;2978;19/05/2026;47,5;APT;Integração
LRG;LRG609;12/05/2026;2605;21/05/2026;59;APT;Integração
LRG;LRG610;11/05/2026;2460;28/05/2026;55,9;APT;Integração
LRG;LRG611;11/05/2026;2815;01/06/2026;60,9;APT;Integração
LRG;LRG612;14/05/2026;2922;03/06/2026;60;APT;Integração
LRG;LRG613;14/05/2026;3016;03/06/2026;56,8;APT;Integração
LRG;LRG614;11/05/2026;2912;01/06/2026;57;APT;Integração
LRG;LRG615;14/05/2026;3005;03/06/2026;60;APT;Integração
LRG;LRG616;14/05/2026;2928;09/06/2026;62;APT;Integração
LRG;LRG617;13/02/2026;2926;31/03/2026;74;APT;Integração
LRG;LRG181;19/12/2025;7490;23/03/2026;188,7;APT;Integração
LRG;LRG182;12/01/2026;7322;29/04/2026;230,3;APT;Integração
LRG;LRG183;24/11/2025;6487;11/03/2026;362,6;APT;Integração
LRG;LRG184;24/11/2025;7017;06/03/2026;369,4;APT;Integração
LRG;LRG185;15/01/2026;7365;16/05/2026;286,2;APT;Integração
LRG;LRG186;24/11/2025;7188;11/03/2026;249,4;APT;Integração
LRG;LRG187;26/01/2026;7403;27/05/2026;476,6;APT;Integração
LRG;LRG188;24/12/2025;7510;12/04/2026;301,6;APT;Integração
LRG;LRG189;23/02/2026;4512;13/06/2026;484,2;APT;Integração
LRG;LRG190;07/01/2026;6231;22/04/2026;412,9;APT;Integração
LRG;LRG192;11/03/2026;10415;16/04/2026;40,6;APT;Integração
LRG;LRG193;09/12/2025;6575;01/04/2026;333;APT;Integração
LRG;LRG194;15/01/2026;7384;05/05/2026;280,9;APT;Integração
LRG;LRG195;12/02/2026;10915;10/04/2026;54;APT;Integração
LRG;LRG196;11/03/2026;6955;10/04/2026;40,1;APT;Integração
LRG;LRG197;15/01/2026;7297;14/05/2026;320,9;APT;Integração
LRG;LRG198;14/05/2026;10331;12/06/2026;35,9;APT;Integração
LRG;LRG199;24/11/2025;7427;02/06/2026;218;APT;Integração
LRG;LRG200;12/01/2026;7402;28/05/2026;309,8;APT;Integração
LRG;LRG201;25/07/2025;7166;05/03/2026;217,5;APT;Integração
LRG;LRG202;15/01/2026;7320;15/05/2026;454,3;APT;Integração
LRG;LRG203;07/03/2026;7190;08/05/2026;219,3;APT;Integração
LRG;LRG204;09/12/2025;7391;03/04/2026;424,7;APT;Integração
LRG;LRG205;15/01/2026;8351;14/05/2026;445,1;APT;Integração
LRG;LRG 20;12/01/2026;7362;24/04/2026;351,5;APT;Integração
LRG;LRG207;28/11/2025;6955;07/03/2026;288,8;APT;Integração
LRG;LRG208;26/01/2026;7349;29/04/2026;377,1;APT;Integração
LRG;LRG209;19/12/2025;7672;15/04/2026;282,3;APT;Integração
LRG;LRG210;07/01/2026;7885;18/05/2026;447,5;APT;Integração
LRG;LRG211;24/11/2025;6876;11/03/2026;400,8;APT;Integração
LRG;LRG212;19/12/2025;7338;20/03/2026;408,9;APT;Integração
LRG;LRG213;29/10/2025;7146;15/02/2026;224,9;APT;Integração
LRG;LRG214;24/12/2025;7277;21/03/2026;302,1;APT;Integração
LRG;LRG215;09/12/2025;7311;20/03/2026;330,1;APT;Integração
LRG;LRG216;26/03/2026;6776;08/05/2026;218,7;APT;Integração
LRG;LRG217;15/01/2026;7427;02/05/2026;404,6;APT;Integração
LRG;LRG218;26/03/2026;7151;08/04/2026;171,5;APT;Integração
LRG;LRG219;07/03/2026;7079;08/05/2026;284,1;APT;Integração
LRG;LRG220;26/03/2026;7452;08/04/2026;106,9;APT;Integração
LRG;LRG221;26/03/2026;6709;09/05/2026;150,3;APT;Integração
LRG;LRG222;26/03/2026;6670;08/05/2026;167,8;APT;Integração
LRG;LRG223;31/12/2025;7780;17/04/2026;189,7;APT;Integração
LRG;LRG224;24/12/2025;7137;02/04/2026;339,1;APT;Integração
LRG;LRG225;07/01/2026;6293;29/04/2026;465,6;APT;Integração
LRG;LRG226;07/03/2026;6273;27/03/2026;184,4;APT;Integração
LRG;LRG227;29/11/2025;7082;14/03/2026;320,5;APT;Integração
LRG;LRG228;23/02/2026;6716;08/06/2026;443,6;APT;Integração
LRG;LRG229;23/10/2025;6762;14/04/2026;220,9;APT;Integração
LRG;LRG230;15/01/2026;6414;29/04/2026;144;APT;Integração
LRG;LRG231;09/12/2025;6632;04/04/2026;165;APT;Integração
LRG;LRG232;24/12/2025;6978;15/04/2026;359,9;APT;Integração
LRG;LRG233;29/11/2025;6390;17/03/2026;206,6;APT;Integração
LRG;LRG234;07/01/2026;6333;28/04/2026;208,7;APT;Integração
LRG;LRG235;27/01/2026;6700;18/05/2026;290,3;APT;Integração
LRG;LRG236;09/12/2025;7225;19/03/2026;404,4;APT;Integração
LRG;LRG237;31/12/2025;6790;14/04/2026;146,1;APT;Integração
LRG;LRG238;24/11/2025;6429;12/03/2026;314;APT;Integração
LRG;LRG239;12/01/2026;6381;05/05/2026;209,4;APT;Integração
LRG;LRG240;26/01/2026;6719;13/05/2026;176,7;APT;Integração
LRG;LRG241;31/12/2025;8058;17/04/2026;300,4;APT;Integração
LRG;LRG242;07/01/2026;6502;22/04/2026;234,4;APT;Integração
LRG;LRG243;31/12/2025;6590;17/04/2026;393,5;APT;Integração
LRG;LRG244;28/11/2025;6948;10/03/2026;271,5;APT;Integração
LRG;LRG245;24/12/2025;6924;03/04/2026;189,8;APT;Integração
LRG;LRG246;01/12/2025;6267;16/03/2026;342,9;APT;Integração
LRG;LRG247;30/10/2025;6293;01/03/2026;250;APT;Integração
LRG;LRG248;24/11/2025;6388;11/03/2026;165,9;APT;Integração
LRG;LRG249;28/11/2025;7054;07/03/2026;186,7;APT;Integração
LRG;LRG250;07/03/2026;6143;08/05/2026;156,3;APT;Integração
LRG;LRG251;31/12/2025;6621;03/04/2026;271,7;APT;Integração
LRG;LRG252;27/01/2026;6325;05/05/2026;373;APT;Integração
LRG;LRG253;07/01/2026;6315;14/05/2026;200,5;APT;Integração
LRG;LRG254;24/12/2025;5804;12/04/2026;412,7;APT;Integração
LRG;LRG255;24/12/2025;6577;22/04/2026;178,1;APT;Integração
LRG;LRG256;23/02/2026;6469;10/06/2026;538,5;APT;Integração
LRG;LRG257;26/01/2026;6318;06/05/2026;314,3;APT;Integração
LRG;LRG258;26/03/2026;6173;08/04/2026;185;APT;Integração
LRG;LRG259;26/01/2026;6884;06/05/2026;217,7;APT;Integração
LRG;LRG260;12/01/2026;6468;01/05/2026;271,7;APT;Integração
LRG;LRG261;26/01/2026;6377;24/05/2026;248,9;APT;Integração
LRG;LRG262;07/01/2026;6419;19/04/2026;275,5;APT;Integração
LRG;LRG263;07/01/2026;5120;30/05/2026;523,6;APT;Integração
LRG;LRG264;15/01/2026;7488;02/06/2026;316,1;APT;Integração
LRG;LRG265;10/02/2026;7502;13/06/2026;286,9;APT;Integração
LRG;LRG422;10/02/2026;976;13/06/2026;276;APT;Integração
M&T;M&T01;30/12/2025;57961;26/05/2026;11;ITA;Próprio
M&T;M&T02A;09/04/2026;400000;26/05/2026;11;ITA;Próprio
M&T;M&T02B;31/03/2026;405000;26/05/2026;15;ITA;Próprio
M&T;M&T03;07/02/2026;125763;31/05/2026;371;ITA;Próprio
M&T;M&T04;25/03/2026;114733;31/05/2026;230;ITA;Próprio
M&T;M&T05;21/04/2026;220000;26/05/2026;6;ITA;Próprio
M&T;M&T06A;05/01/2026;125764;26/05/2026;198;ITA;Próprio
M&T;M&T07;22/01/2026;99098;31/05/2026;535;ITA;Próprio
M&T;M&T08;05/12/2025;105230;04/06/2026;243;ITA;Próprio
M&T;M&T09;05/06/2026;127000;05/06/2026;225;ITA;Próprio
M&T;M&T10;27/11/2025;119089;31/05/2026;654;ITA;Próprio
M&T;M&T11;30/12/2025;67000;26/05/2026;313;ITA;Próprio
M&T;M&T12;20/12/2025;80247;10/06/2026;842;ITA;Próprio
M&T;M&T14;27/12/2025;114028;31/05/2026;770;ITA;Próprio
M&T;M&T15;17/09/2025;90567;31/05/2026;884;ITA;Próprio
M&T;M&T16;29/10/2025;115422;31/05/2026;738;ITA;Próprio
M&T;M&T17;18/04/2026;98024;31/05/2026;166;ITA;Próprio
M&T;M&T18;18/02/2026;45000;26/05/2026;151;ITA;Próprio
M&T;M&T19;10/03/2026;53183;26/05/2026;104;ITA;Próprio
M&T;M&T20;18/02/2026;48900;26/05/2026;179;ITA;Próprio
M&T;M&T21;11/02/2026;225000;26/05/2026;152;ITA;Próprio
M&T;M&T22;16/03/2026;252000;26/05/2026;125;ITA;Próprio
M&T;M&T23;07/01/2026;140000;26/05/2026;236;ITA;Próprio
M&T;M&T24;09/03/2026;127038;31/05/2026;281;ITA;Próprio
M&T;M&T25;23/02/2026;93559;31/05/2026;439;ITA;Próprio
M&T;M&T26;21/02/2026;96048;31/05/2026;377;ITA;Próprio
M&T;M&T27;20/12/2025;130842;31/05/2026;686;ITA;Próprio
M&T;M&T28;04/02/2026;225000;26/05/2026;165;ITA;Próprio
M&T;M&T29;24/02/2026;270000;26/05/2026;113;ITA;Próprio
M&T;M&T30;14/11/2025;162000;26/05/2026;201;ITA;Próprio
M&T;M&T31;07/03/2026;297800;26/05/2026;126;ITA;Próprio
M&T;M&T33;05/12/2025;63901;46168;269;ITA;Próprio
M&T;M&T34;31/03/2026;20975;46168;165;ITA;Próprio
M&T;M&T35;26/02/2026;41983;46168;166;ITA;Próprio
M&T;M&T6B;30/12/2025;225000;26/05/2026;162;ITA;Próprio
MSP; TR727;27/05/2026;10695;;0;APT;Integração
MSP;TR076;29/05/2026;4505;;0;APT;Integração
MSP;TR305;05/06/2026;1564;;0;APT;Integração
MSP;TR312;29/05/2026;1074;;0;APT;Integração
MSP;TR331;09/06/2026;1311;;0;APT;Integração
MSP;TR372;11/06/2026;524;;0;APT;Integração
MSP;TR389;05/06/2026;1593;;0;APT;Integração
MSP;TR393;05/06/2026;1599;;0;APT;Integração
MSP;TR399;05/06/2026;1912;;0;APT;Integração
MSP;TR439;28/05/2026;6890;;0;APT;Integração
MSP;TR484;28/05/2026;7390;;0;APT;Integração
MSP;TR497;28/05/2026;7300;;0;APT;Integração
MSP;TR603;27/05/2026;7929;;0;APT;Integração
MSP;TR617;28/05/2026;7609;;0;APT;Integração
MSP;TR623;11/06/2026;3047;;0;APT;Integração
MSP;TR631;03/06/2026;5416;;0;APT;Integração
MSP;TR657;28/05/2026;17984;;0;APT;Integração
MSP;TR681;28/05/2026;19127;;0;APT;Integração
MSP;TR700;29/05/2026;10814;;0;APT;Integração
MSP;TR702;27/05/2026;10801;;0;APT;Integração
MSP;TR703;11/06/2026;11045;;0;APT;Integração
MSP;TR714;11/06/2026;10074;;0;APT;Integração
PGP;PGP001 ;14/04/2026;3296;13/05/2026;50;APT;Integração
PGP;PGP002 ;14/04/2026;3235;13/05/2026;66;APT;Integração
PGP;PGP004 ;21/04/2026;3183;22/05/2026;48;APT;Integração
PGP;PGP005 ;22/03/2026;3465;28/04/2026;50,1;APT;Integração
PGP;PGP006 ;21/04/2026;3443;28/05/2026;43;APT;Integração
PGP;PGP007 ;29/04/2026;3296;29/05/2026;43;APT;Integração
PGP;PGP008 ;14/04/2026;3417;16/05/2026;70;APT;Integração
PGP;PGP009 ;22/03/2026;3419;12/05/2026;76,3;APT;Integração
PGP;PGP010 ;14/04/2026;3485;16/05/2026;47;APT;Integração
PGP;PGP011 ;29/04/2026;3531;03/06/2026;71;APT;Integração
PGP;PGP012 ;29/04/2026;3341;03/06/2026;47;APT;Integração
PGP;PGP013 ;22/03/2026;3455;13/05/2026;69,5;APT;Integração
PGP;PGP014 ;13/03/2026;4202;11/06/2026;79,6;APT;Integração
PGP;PGP015 ;29/04/2026;3062;01/06/2026;72,6;APT;Integração
PGP;PGP016 ;29/04/2026;3337;29/05/2026;65;APT;Integração
PGP;PGP017 ;14/04/2026;3188;13/05/2026;52;APT;Integração
PGP;PGP018 ;14/04/2026;3399;16/05/2026;71,3;APT;Integração
PGP;PGP019 ;14/04/2026;3695;16/05/2026;32,2;APT;Integração
PGP;PGP020 ;14/04/2026;3504;22/05/2026;73,4;APT;Integração
PGP;PGP021 ;22/03/2026;3485;30/04/2026;45;APT;Integração
PGP;PGP022 ;14/04/2026;3529;22/05/2026;60,4;APT;Integração
PGP;PGP023 ;14/04/2026;3407;16/05/2026;73;APT;Integração
PGP;PGP024 ;14/04/2026;3127;13/05/2026;51;APT;Integração
PGP;PGP025 ;23/02/2026;3548;03/06/2026;133,6;APT;Integração
PGP;PGP026 ;23/02/2026;3161;11/06/2026;145,7;APT;Integração
PGP;PGP027 ;03/03/2026;3810;09/06/2026;131,1;APT;Integração
PGP;PGP028 ;22/03/2026;3531;13/05/2026;54,1;APT;Integração
PGP;PGP029 ;22/03/2026;3528;12/05/2026;68,2;APT;Integração
PGP;PGP030 ;29/04/2026;3105;01/06/2026;44;APT;Integração
PGP;PGP031 ;14/04/2026;3214;13/05/2026;52;APT;Integração
PGP;PGP032 ;14/04/2026;3487;22/05/2026;74;APT;Integração
PGP;PGP034 ;14/04/2026;3232;13/05/2026;71,8;APT;Integração
PGP;PGP035 ;22/03/2026;3624;28/04/2026;53;APT;Integração
PGP;PGP036 ;21/04/2026;3303;28/05/2026;63,6;APT;Integração
PGP;PGP037 ;29/04/2026;3286;29/05/2026;43;APT;Integração
PGP;PGP039 ;21/04/2026;3581;03/06/2026;95,1;APT;Integração
PGP;PGP040 ;29/04/2026;1279;03/06/2026;47;APT;Integração
PGP;PGP042 ;29/04/2026;3335;03/06/2026;78;APT;Integração
PGP;PGP043 ;14/04/2026;3543;22/05/2026;53,7;APT;Integração
PGP;PGP044 ;21/04/2026;4794;28/05/2026;64,6;APT;Integração
PGP;PGP045 ;22/03/2026;3531;28/04/2026;47,5;APT;Integração
PGP;PGP046 ;21/04/2026;3352;28/05/2026;61;APT;Integração
PGP;PGP048 ;22/03/2026;3539;09/06/2026;141,8;APT;Integração
PGP;PGP049 ;22/03/2026;4262;26/04/2026;32,5;APT;Integração
PGP;PGP050 ;29/04/2026;2240;03/06/2026;39;APT;Integração
PGP;PGP051 ;29/04/2026;779;03/06/2026;71;APT;Integração
PGP;PGP052 ;22/03/2026;3509;28/04/2026;46;APT;Integração
PGP;PGP053 ;22/03/2026;3358;16/05/2026;96,1;APT;Integração
PGP;PGP054 ;22/03/2026;3527;30/04/2026;61,2;APT;Integração
PGP;PGP055 ;29/04/2026;3319;03/06/2026;44,3;APT;Integração
PGP;PGP056 ;21/04/2026;3654;28/05/2026;66;APT;Integração
PGP;PGP059 ;21/04/2026;3175;22/05/2026;48;APT;Integração
PGP;PGP060 ;21/04/2026;3108;22/05/2026;67;APT;Integração
PGP;PGP061 ;21/04/2026;3210;28/05/2026;46,7;APT;Integração
PGP;PGP062 ;14/04/2026;3415;16/05/2026;51,1;APT;Integração
PGP;PGP063 ;14/04/2026;3333;16/05/2026;53;APT;Integração
PGP;PGP064 ;03/03/2026;3362;16/05/2026;66;APT;Integração
PGP;PGP065 ;14/04/2026;3274;13/05/2026;69;APT;Integração
PGP;PGP066 ;14/04/2026;3131;13/05/2026;69,9;APT;Integração
PGP;PGP067 ;14/04/2026;4475;01/06/2026;28,8;APT;Integração
PGP;PGP068 ;22/03/2026;3516;29/04/2026;45;APT;Integração
PGP;PGP070 ;22/03/2026;3535;26/04/2026;52;APT;Integração
PGP;PGP071 ;23/02/2026;3411;28/05/2026;86,7;APT;Integração
PGP;PGP072 ;22/03/2026;3469;27/04/2026;39,8;APT;Integração
PGP;PGP 073;21/04/2026;3253;22/05/2026;67;APT;Integração
PGP;PGP 074;21/04/2026;3342;28/05/2026;45,4;APT;Integração
PGP;PGP300 ;29/12/2025;6247;46184;695;APT;Integração
PGP;PGP301 ;29/12/2025;7155;46123;280,1;APT;Integração
PGP;PGP302 ;29/12/2025;7095;46154;286,6;APT;Integração
PGP;PGP303 ;31/01/2026;7009;46147;303,9;APT;Integração
PGP;PGP304 ;13/01/2026;7075;46184;707,2;APT;Integração
PGP;PGP305 ;31/01/2026;7109;46149;192,5;APT;Integração
PGP;PGP306 ;31/01/2026;7078;46147;274;APT;Integração
PGP;PGP307 ;13/01/2026;7016;46135;190,9;APT;Integração
PGP;PGP308 ;31/12/2025;6343;46184;795,6;APT;Integração
PGP;PGP309 ;09/02/2026;7074;46114;221,5;APT;Integração
PGP;PGP310 ;29/12/2025;6431;46125;255,1;APT;Integração
PGP;PGP311 ;22/01/2026;7264;46139;209,5;APT;Integração
PGP;PGP312 ;22/01/2026;6977;46146;324,9;APT;Integração
PGP;PGP313 ;13/01/2026;6743;46169;205,3;APT;Integração
PGP;PGP314 ;18/12/2025;5732;11/06/2026;1028,6;APT;Integração
PGP;PGP315 ;13/01/2026;6862;46184;486,6;APT;Integração
PGP;PGP316 ;13/01/2026;7024;46135;313,5;APT;Integração
PGP;PGP317 ;09/12/2025;6005;46184;914,6;APT;Integração
PGP;PGP318 ;09/12/2025;5819;46184;959,2;APT;Integração
PGP;PGP319 ;31/12/2025;6536;46087;141,5;APT;Integração
PGP;PGP320 ;23/02/2026;7655;03/06/2026;192,9;APT;Integração
PGP;PGP321 ;24/02/2026;7284;29/05/2026;248,8;APT;Integração
PGP;PGP322 ;18/12/2025;5866;46184;798,8;APT;Integração
PGP;PGP323 ;31/12/2025;6458;46184;944;APT;Integração
PGP;PGP324 ;31/12/2025;6594;46184;663,3;APT;Integração
PGP;PGP325 ;22/01/2026;7056;46147;198,4;APT;Integração
PGP;PGP326 ;23/02/2026;7308;14/05/2026;258,9;APT;Integração
PGP;PGP327 ;18/12/2025;6326;46086;139,7;APT;Integração
PGP;PGP328 ;13/01/2026;7158;46136;205,6;APT;Integração
PGP;PGP329 ;29/12/2025;7235;46154;182,8;APT;Integração
PGP;PGP330 ;09/02/2026;7171;46114;147,5;APT;Integração
PGP;PGP331 ;24/02/2026;7804;27/05/2026;277,8;APT;Integração
PGP;PGP332 ;23/02/2026;7374;27/05/2026;277,9;APT;Integração
PGP;PGP333 ;22/01/2026;7257;46127;210,6;APT;Integração
PGP;PGP334 ;24/02/2026;7221;26/05/2026;208,4;APT;Integração
PGP;PGP335 ;13/01/2026;6965;46136;293;APT;Integração
PGP;PGP336 ;23/02/2026;7213;19/05/2026;284,7;APT;Integração
PGP;PGP337 ;13/03/2026;7321;09/06/2026;192,5;APT;Integração
PGP;PGP338 ;22/01/2026;6877;46137;301,7;APT;Integração
PGP;PGP339 ;29/12/2025;6574;46184;704,1;APT;Integração
PGP;PGP340 ;09/12/2025;5972;46184;880;APT;Integração
PGP;PGP341 ;18/12/2025;5978;46184;776,9;APT;Integração
PGP;PGP342 ;10/02/2026;7111;02/04/2026;211;APT;Integração
PGP;PGP343 ;31/12/2025;6816;46184;595,6;APT;Integração
PGP;PGP344 ;10/02/2026;7250;19/05/2026;303,1;APT;Integração
PGP;PGP401 ;03/03/2026;3815;12/05/2026;174,6;APT;Integração
PGP;PGP402 ;04/11/2025;3141;46184;893,3;APT;Integração
PGP;PGP403 ;13/03/2026;4046;11/06/2026;204,6;APT;Integração
PGP;PGP404 ;09/12/2025;2979;46184;1098,5;APT;Integração
PGP;PGP405 ;09/12/2025;3007;46184;838,3;APT;Integração
PGP;PGP406 ;13/01/2026;3912;46184;782,5;APT;Integração
PGP;PGP407 ;13/01/2026;3815;46092;118,4;APT;Integração
PGP;PGP408 ;13/02/2026;3750;46161;200,5;APT;Integração
PGP;PGP409 ;18/12/2025;3248;46086;89,3;APT;Integração
PGP;PGP410 ;31/12/2025;3665;46121;198;APT;Integração
PGP;PGP411 ;18/12/2025;3315;46084;123,5;APT;Integração
PGP;PGP412 ;31/12/2025;3363;46184;707,2;APT;Integração
PGP;PGP413 ;31/12/2025;3431;46184;721,3;APT;Integração
PGP;PGP414 ;22/01/2026;3837;46093;121,5;APT;Integração
PGP;PGP415 ;31/12/2025;3309;46087;152,5;APT;Integração
PGP;PGP416 ;23/02/2026;3783;26/05/2026;198,1;APT;Integração
PGP;PGP417 ;23/02/2026;3801;11/06/2026;191,1;APT;Integração
PGP;PGP418 ;24/02/2026;3753;29/05/2026;335,3;APT;Integração
PGP;PGP419 ;23/02/2026;3817;02/06/2026;199,4;APT;Integração
PGP;PGP421 ;22/01/2026;3429;46184;636,8;APT;Integração
PGP;PGP422 ;31/12/2025;4128;46184;827,8;APT;Integração
PGP;PGP423 ;31/01/2026;3339;46094;115;APT;Integração
PGP;PGP424 ;13/02/2026;3780;02/04/2026;140,5;APT;Integração
PGP;PGP425 ;23/02/2026;3788;20/05/2026;216,5;APT;Integração
PGP;PGP426 ;24/02/2026;3766;07/04/2026;129,6;APT;Integração
PGP;PGP427 ;13/03/2026;4067;30/05/2026;216,2;APT;Integração
PGP;PGP428 ;09/02/2026;3739;31/03/2026;140,8;APT;Integração
PGP;PGP429 ;10/02/2026;3652;02/04/2026;141,5;APT;Integração
PGP;PGP430 ;23/02/2026;3710;12/05/2026;281,7;APT;Integração
PGP;PGP432 ;22/03/2026;3978;11/06/2026;205,5;APT;Integração
PGP;PGP433 ;09/12/2025;2894;46184;825,3;APT;Integração
PGP;PGP434 ;31/01/2026;3372;46098;110,5;APT;Integração
PGP;PGP435 ;13/02/2026;3961;06/04/2026;132,4;APT;Integração
PGP;PGP436 ;03/03/2026;3763;12/05/2026;267,2;APT;Integração
PGP;PGP437 ;31/01/2026;3526;46112;184,8;APT;Integração
PGP;PGP438 ;29/12/2025;3500;46123;183,3;APT;Integração
PGP;PGP439 ;29/12/2025;3531;46121;187,2;APT;Integração
PGP;PGP440 ;24/02/2026;3752;02/04/2026;149,4;APT;Integração
PGP;PGP441 ;13/03/2026;3873;11/06/2026;141,2;APT;Integração
PGP;PGP442 ;31/12/2025;2817;46184;963,1;APT;Integração
PGP;PGP443 ;09/02/2026;3865;20/05/2026;214,6;APT;Integração
PGP;PGP444 ;24/02/2026;4029;06/04/2026;132;APT;Integração
PGP;PGP445 ;23/02/2026;4003;12/05/2026;265,2;APT;Integração
PGP;PGP446 ;24/02/2026;3981;20/05/2026;301,9;APT;Integração
PGP;PGP447 ;23/02/2026;3783;26/05/2026;203,7;APT;Integração
PGP;PGP448 ;23/02/2026;3804;14/05/2026;192,1;APT;Integração
PGP;PGP449 ;31/01/2026;3677;46135;203,9;APT;Integração
PGP;PGP450 ;29/12/2025;3231;46123;172,1;APT;Integração
PGP;PGP451 ;23/02/2026;3741;14/05/2026;218,5;APT;Integração
PGP;PGP452 ;31/01/2026;3446;46098;135;APT;Integração
PGP;PGP453 ;23/02/2026;3751;15/05/2026;199,7;APT;Integração
PGP;PGP454 ;18/12/2025;3548;46149;334,3;APT;Integração
PGP;PGP456 ;23/02/2026;3949;03/06/2026;308,4;APT;Integração
PGP;PGP457 ;22/01/2026;3450;46149;277,2;APT;Integração
PGP;PGP458 ;13/03/2026;3817;02/06/2026;314,9;APT;Integração
PGP;PGP459 ;31/01/2026;3865;46147;133,4;APT;Integração
PGP;PGP460 ;13/03/2026;2560;11/06/2026;250,9;APT;Integração
PGP;PGP462 ;22/05/2026;6454;22/05/2026;25;APT;Integração
PGP;PGP463 ;04/06/2026;7355;04/06/2026;25;APT;Integração
PGP;PGP464 ;06/05/2026;12400;06/05/2026;25;APT;Integração
PGP;PGP465 ;21/05/2026;8577;21/05/2026;25;APT;Integração
PGP;PGP466 ;06/05/2026;13177;06/05/2026;25;APT;Integração
PGP;PGP467 ;21/05/2026;7842;21/05/2026;25;APT;Integração
PGP;PGP468 ;04/06/2026;7216;04/06/2026;25;APT;Integração
PGP;PGP469 ;04/06/2026;7162;04/06/2026;25;APT;Integração
PGP;PGP470 ;04/06/2026;7416;04/06/2026;25;APT;Integração
PGP;PGP471 ;04/06/2026;6979;04/06/2026;25;APT;Integração
PGP;PGP472 ;22/05/2026;8050;22/05/2026;25;APT;Integração
PGP;PGP473 ;22/05/2026;6107;22/05/2026;25;APT;Integração
PGP;PGP474 ;22/05/2026;8146;22/05/2026;25;APT;Integração
PGP;PGP475 ;21/05/2026;8495;21/05/2026;25;APT;Integração
PGP;PGP476 ;22/05/2026;6214;22/05/2026;25;APT;Integração
PGP;PGP477 ;04/06/2026;7265;04/06/2026;25;APT;Integração
PGP;PGP478 ;22/03/2026;9459;30/04/2026;31,3;APT;Integração
PGP;PGP479 ;21/05/2026;10347;21/05/2026;25;APT;Integração
PGP;PGP480 ;06/05/2026;13774;06/05/2026;25;APT;Integração
PGP;PGP481 ;22/03/2026;7906;28/04/2026;27,3;APT;Integração
PIE;PIE01;29/05/2026;126243;29/05/2026;144;ITA;Parceria
PIE;PIE02;29/05/2026;112905;29/05/2026;144;ITA;Parceria
QTR;E202;13/03/2026;8100;19/05/2026;268,9;APT;Próprio
QTR;E203;09/02/2026;4415;25/03/2026;218,1;APT;Próprio
QTR;E204;16/12/2025;8324;05/05/2026;100,7;APT;Próprio
QTR;E205;15/01/2026;7918;22/04/2026;83,5;APT;Próprio
QTR;E206;06/02/2026;6631;25/03/2026;219,7;APT;Próprio
QTR;E207;30/12/2025;7229;25/02/2026;108,1;APT;Próprio
QTR;E208;15/01/2026;7296;09/03/2026;253;APT;Próprio
QTR;E209;13/02/2026;8198;13/04/2026;244,7;APT;Próprio
QTR;E210;19/12/2025;6640;13/03/2026;320;APT;Próprio
QTR;E211;16/01/2026;7390;10/03/2026;125,3;APT;Próprio
QTR;E212;16/01/2026;7550;20/03/2026;243,9;APT;Próprio
QTR;E213;30/01/2026;7814;26/03/2026;120,9;APT;Próprio
QTR;E214;13/03/2026;8243;19/05/2026;233,9;APT;Próprio
QTR;E215;18/02/2026;6705;18/02/2026;41,8;APT;Próprio
QTR;E216;04/05/2026;6200;29/05/2026;191,2;APT;Próprio
QTR;E217;29/10/2025;6449;03/02/2026;141,6;APT;Próprio
QTR;E218;29/12/2025;9126;25/03/2026;55;APT;Próprio
QTR;E219;16/12/2025;5744;13/02/2026;298,3;APT;Próprio
QTR;E220;30/03/2026;8477;08/06/2026;220,8;APT;Próprio
QTR;E221;17/04/2026;8435;09/06/2026;125,6;APT;Próprio
QTR;E222;29/01/2026;8022;24/03/2026;119,4;APT;Próprio
QTR;E223;17/04/2026;8672;08/06/2026;212,8;APT;Próprio
QTR;E224;04/05/2026;8457;29/05/2026;120;APT;Próprio
QTR;E225;05/02/2026;6610;18/03/2026;301,9;APT;Próprio
QTR;E226;30/01/2026;6193;27/03/2026;307,5;APT;Próprio
QTR;E227;16/03/2026;8155;08/05/2026;118,7;APT;Próprio
QTR;E228;20/02/2026;7693;01/04/2026;119,8;APT;Próprio
QTR;E229;03/12/2025;6086;05/02/2026;74,2;APT;Próprio
QTR;E230;28/01/2026;8033;06/05/2026;117,6;APT;Próprio
QTR;E231;23/12/2025;6356;04/02/2026;209,8;APT;Próprio
QTR;E232;03/12/2025;7435;25/03/2026;234,2;APT;Próprio
QTR;E233;21/01/2026;9278;04/05/2026;275,1;APT;Próprio
QTR;E234;29/04/2026;8500;09/06/2026;193,5;APT;Próprio
QTR;E235;23/04/2026;5200;09/06/2026;176;APT;Próprio
QTR;E236;09/03/2026;8214;09/03/2026;49;APT;Próprio
QTR;E237;06/01/2026;6005;05/02/2026;243,5;APT;Próprio
QTR;E238;29/12/2025;6943;13/02/2026;193,1;APT;Próprio
QTR;E239;16/12/2025;7163;12/02/2026;213;APT;Próprio
QTR;E240;19/03/2026;7540;19/03/2026;57,8;APT;Próprio
QTR;E241;18/12/2025;6702;03/02/2026;112;APT;Próprio
QTR;E242;13/03/2026;8248;07/05/2026;230,3;APT;Próprio
QTR;E243;19/03/2026;7953;24/04/2026;106,3;APT;Próprio
QTR;E244;16/12/2025;6731;11/02/2026;224,4;APT;Próprio
QTR;E245;21/01/2026;7896;16/04/2026;259,7;APT;Próprio
QTR;E246;09/03/2026;8333;01/06/2026;279,6;APT;Próprio
QTR;E247;13/03/2026;7913;14/05/2026;300;APT;Próprio
QTR;E248;16/03/2026;8278;06/05/2026;192,2;APT;Próprio
QTR;E249;07/01/2026;7158;10/03/2026;228;APT;Próprio
QTR;E250;03/12/2025;6117;03/02/2026;127,5;APT;Próprio
QTR;E251;04/02/2026;7534;16/03/2026;199;APT;Próprio
QTR;E252;21/01/2026;7772;15/04/2026;266,3;APT;Próprio
QTR;E253;26/03/2026;5240;08/06/2026;71,1;APT;Próprio
QTR;E254;29/04/2026;5287;09/06/2026;111,9;APT;Próprio
QTR;E256;12/12/2025;5695;03/02/2026;130,7;APT;Próprio
QTR;E257;01/04/2026;7292;31/05/2026;310,8;APT;Próprio
QTR;E258;24/02/2026;7694;18/04/2026;132,4;APT;Próprio
QTR;E259;30/03/2026;9362;03/06/2026;224,8;APT;Próprio
QTR;E260;02/01/2026;7449;25/02/2026;318,9;APT;Próprio
QTR;E261;18/02/2026;8311;01/06/2026;389,6;APT;Próprio
QTR;E262;08/01/2026;7520;02/03/2026;324,2;APT;Próprio
QTR;E263;04/02/2026;7514;31/03/2026;118,2;APT;Próprio
QTR;E264;05/03/2026;7895;22/04/2026;117,4;APT;Próprio
QTR;E265;23/02/2026;6674;14/04/2026;240,9;APT;Próprio
QTR;E266;19/03/2026;4839;19/03/2026;57,8;APT;Próprio
QTR;E267;21/05/2026;8053;21/05/2026;53,3;APT;Próprio
QTR;E268;19/03/2026;8123;28/04/2026;124,4;APT;Próprio
QTR;E269;09/01/2026;4233;06/03/2026;216;APT;Próprio
QTR;E270;31/03/2026;7947;15/05/2026;123,2;APT;Próprio
QTR;E271;18/12/2025;5199;03/02/2026;207,4;APT;Próprio
QTR;E272;11/12/2025;6250;03/02/2026;129,2;APT;Próprio
QTR;E273;26/03/2026;8982;28/05/2026;209,5;APT;Próprio
QTR;E274;28/01/2026;7093;23/03/2026;238,3;APT;Próprio
QTR;E275;04/02/2026;7408;16/03/2026;125,5;APT;Próprio
QTR;E277;31/03/2026;8471;08/06/2026;112,2;APT;Próprio
QTR;E279;23/01/2026;6749;12/03/2026;301,2;APT;Próprio
QTR;E280;04/03/2026;7375;24/04/2026;194,6;APT;Próprio
QTR;E281;19/03/2026;8083;24/04/2026;120,5;APT;Próprio
QTR;E282;21/05/2026;9144;21/05/2026;53,3;APT;Próprio
QTR;E283;03/03/2026;8218;02/06/2026;262,1;APT;Próprio
QTR;E284;26/03/2026;8377;31/05/2026;249,5;APT;Próprio
QTR;E285;19/03/2026;8176;07/05/2026;306,1;APT;Próprio
QTR;E286;07/01/2026;6998;11/03/2026;126;APT;Próprio
QTR;E287;04/03/2026;7474;23/04/2026;108,1;APT;Próprio
QTR;E288;23/02/2026;7924;17/04/2026;127,9;APT;Próprio
QTR;E289;24/02/2026;7792;17/04/2026;316,8;APT;Próprio
QTR;E290;28/01/2026;7835;27/03/2026;123,2;APT;Próprio
QTR;E291;21/01/2026;7504;16/04/2026;130,6;APT;Próprio
QTR;E292;05/03/2026;7606;22/04/2026;209,1;APT;Próprio
QTR;E293;18/12/2025;6442;03/02/2026;211,4;APT;Próprio
QTR;E294;09/02/2026;7588;14/04/2026;303,2;APT;Próprio
QTR;E295;11/03/2026;8178;07/05/2026;132,4;APT;Próprio
QTR;E296;19/02/2026;8204;04/05/2026;257;APT;Próprio
QTR;E297;23/10/2025;6151;03/02/2026;93;APT;Próprio
QTR;E298;21/01/2026;7694;15/04/2026;254,8;APT;Próprio
QTR;E299;19/02/2026;8542;06/05/2026;313,7;APT;Próprio
QTR;E300;17/09/2025;6363;03/02/2026;205,3;APT;Próprio
QTR;E304;22/01/2026;7322;13/03/2026;109,6;APT;Próprio
QTR;E304;06/02/2026;6251;25/03/2026;122,5;APT;Próprio
QTR;E306;09/03/2026;8843;18/03/2026;61,1;APT;Próprio
QTR;E309;30/03/2026;8687;08/06/2026;291,1;APT;Próprio
QTR;E310;09/03/2026;8907;09/03/2026;49;APT;Próprio
QTR;E311;16/03/2026;1179;19/05/2026;74,2;APT;Próprio
QTR;E311;21/05/2026;6283;21/05/2026;54,6;APT;Próprio
QTR;E312;21/05/2026;9320;21/05/2026;54,4;APT;Próprio
QTR;E313;16/01/2026;7624;23/03/2026;126,2;APT;Próprio
QTR;E314;05/12/2025;6465;12/02/2026;221,3;APT;Próprio
QTR;E315;19/03/2026;7880;24/04/2026;186;APT;Próprio
QTR;E316;13/03/2026;8335;19/05/2026;124,9;APT;Próprio
QTR;E317;19/12/2025;6375;03/02/2026;113,3;APT;Próprio
QTR;E318;16/12/2025;6964;13/02/2026;107,5;APT;Próprio
QTR;E319;17/03/2026;8433;14/05/2026;123,7;APT;Próprio
QTR;E321;23/12/2025;6880;04/02/2026;111,3;APT;Próprio
QTR;E322;03/03/2026;8161;02/06/2026;346,4;APT;Próprio
QTR;E323;05/12/2025;5475;03/02/2026;192,4;APT;Próprio
QTR;E324;05/12/2025;6274;03/02/2026;111,4;APT;Próprio
QTR;E325;04/02/2026;7255;16/03/2026;213,5;APT;Próprio
QTR;E326;23/01/2026;9960;13/03/2026;210,4;APT;Próprio
QTR;E327;22/01/2026;7169;16/03/2026;295;APT;Próprio
QTR;E328;23/01/2026;7156;03/03/2026;116,9;APT;Próprio
QTR;E329;08/01/2026;6615;02/03/2026;114,6;APT;Próprio
QTR;E330;03/12/2025;5981;03/02/2026;199,7;APT;Próprio
QTR;E331;07/01/2026;7047;11/03/2026;314,6;APT;Próprio
QTR;E332;07/01/2026;7205;11/03/2026;218;APT;Próprio
QTR;E333;07/01/2026;6038;10/03/2026;260;APT;Próprio
QTR;E334 ;12/01/2026;6886;26/02/2026;109,9;APT;Próprio
QTR;E335;13/01/2026;6554;02/03/2026;208,7;APT;Próprio
QTR;E336;07/01/2026;6616;11/02/2026;126,2;APT;Próprio
QTR;E337 ;30/12/2025;7640;26/02/2026;209,3;APT;Próprio
QTR;E338 ;09/02/2026;7091;24/03/2026;230,4;APT;Próprio
QTR;E339 ;16/01/2026;6516;09/03/2026;222;APT;Próprio
QTR;E340 ;09/03/2026;8633;02/06/2026;250,9;APT;Próprio
QTR;E341;06/02/2026;6906;25/03/2026;303,4;APT;Próprio
QTR;E342;05/02/2026;6944;18/03/2026;117,1;APT;Próprio
QTR;E343;31/03/2026;8305;25/05/2026;297,2;APT;Próprio
QTR;E344;18/02/2026;9096;18/02/2026;41,8;APT;Próprio
QTR;E345;23/01/2026;7043;12/03/2026;122;APT;Próprio
QTR;E346;29/04/2026;3100;09/06/2026;284,4;APT;Próprio
QTR;E347;13/03/2026;8081;18/05/2026;267,1;APT;Próprio
QTR;E348;22/01/2026;7044;06/03/2026;225,6;APT;Próprio
QTR;E349;18/02/2026;8190;18/02/2026;41,8;APT;Próprio
QTR;E350;20/01/2026;7052;04/03/2026;123,3;APT;Próprio
QTR;E351;21/01/2026;7999;15/04/2026;308,9;APT;Próprio
QTR;E352;16/01/2026;7541;25/03/2026;343,5;APT;Próprio
QTR;E353;19/03/2026;7891;24/04/2026;173,3;APT;Próprio
QTR;E354;20/02/2026;8301;02/06/2026;131,9;APT;Próprio
QTR;E355;04/03/2026;7661;23/04/2026;190;APT;Próprio
QTR;E356;16/01/2026;6995;10/03/2026;240;APT;Próprio
QTR;E357;23/02/2026;7571;24/04/2026;245,8;APT;Próprio
QTR;E358;16/03/2026;8348;12/05/2026;123,7;APT;Próprio
QTR;E359;13/03/2026;8929;08/05/2026;217,9;APT;Próprio
QTR;E360;28/01/2026;8053;05/05/2026;237,6;APT;Próprio
QTR;E361;21/05/2026;9781;21/05/2026;53,3;APT;Próprio
QTR;M1;04/06/2026;34477;04/06/2026;44,6;APT;Próprio
QTR;M2;25/05/2026;35470;25/05/2026;46;APT;Próprio
QTR;M3;04/06/2026;35751;07/06/2026;45,7;APT;Próprio
QTR;R001;14/05/2026;20382;14/05/2026;42,2;APT;Próprio
QTR;R003;05/05/2026;15846;05/05/2026;35,3;APT;Próprio
QTR;R005;15/04/2026;15133;15/04/2026;45,3;APT;Próprio
QTR;R006;21/05/2026;19840;21/05/2026;34,2;APT;Próprio
QTR;R010;15/04/2026;18532;15/04/2026;45,3;APT;Próprio
QTR;R011;14/05/2026;18725;14/05/2026;46,9;APT;Próprio
QTR;R012;10/04/2026;9981;10/04/2026;52;APT;Próprio
QTR;R013;30/04/2026;16726;30/04/2026;50;APT;Próprio
QTR;R016;18/05/2026;19138;18/05/2026;54,3;APT;Próprio
QTR;R017;26/05/2026;17077;26/05/2026;43,8;APT;Próprio
QTR;R018;06/05/2026;18951;06/05/2026;43,4;APT;Próprio
QTR;R019;26/05/2026;19544;26/05/2026;39;APT;Próprio
QTR;R020;08/05/2026;17697;14/05/2026;46,9;APT;Próprio
QTR;R022;08/05/2026;18484;08/05/2026;45,9;APT;Próprio
QTR;R023;22/04/2026;17491;22/04/2026;37,6;APT;Próprio
QTR;R024;23/04/2026;17065;23/04/2026;36,2;APT;Próprio
QTR;R025;24/04/2026;15657;24/04/2026;30;APT;Próprio
QTR;R026;30/04/2026;21294;30/04/2026;52;APT;Próprio
QTR;R027;28/05/2026;15998;28/05/2026;39,5;APT;Próprio
QTR;R028;14/05/2026;15131;14/05/2026;34,9;APT;Próprio
QTR;R031;10/06/2026;20084;10/06/2026;43,9;APT;Próprio
QTR;R032;26/03/2026;13218;26/03/2026;29;APT;Próprio
QTR;R035;04/05/2026;14676;04/05/2026;39,6;APT;Próprio
QTR;R036;14/04/2026;15486;14/04/2026;43,2;APT;Próprio
QTR;R037;08/06/2026;20058;08/06/2026;43,2;APT;Próprio
QTR;R038;08/06/2026;19983;08/06/2026;42,3;APT;Próprio
QTR;R039;21/05/2026;19673;21/05/2026;34,2;APT;Próprio
QTR;R041;14/05/2026;19842;26/05/2026;41,2;APT;Próprio
QTR;R042;30/04/2026;19533;30/04/2026;52;APT;Próprio
QTR;R043;08/05/2026;17648;08/05/2026;45,9;APT;Próprio
QTR;R044;15/04/2026;17948;17/04/2026;42,2;APT;Próprio
QTR;R045;21/05/2026;18113;21/05/2026;39,2;APT;Próprio
QTR;R046;30/03/2026;17973;30/03/2026;37,4;APT;Próprio
QTR;R047;10/06/2026;16320;10/06/2026;43,9;APT;Próprio
QTR;R050;08/05/2026;17984;08/05/2026;46;APT;Próprio
QTR;R051;04/05/2026;18394;04/05/2026;39,6;APT;Próprio
QTR;R052;27/05/2026;19673;27/05/2026;49,2;APT;Próprio
QTR;R054;29/04/2026;16297;29/04/2026;40,7;APT;Próprio
QTR;R055;23/04/2026;16942;23/04/2026;36,2;APT;Próprio
QTR;R056;27/05/2026;20553;27/05/2026;44,1;APT;Próprio
QTR;R057;22/04/2026;18611;23/04/2026;37,1;APT;Próprio
QTR;R060;14/05/2026;16021;14/05/2026;34,9;APT;Próprio
QTR;R064;22/04/2026;18006;22/04/2026;37,6;APT;Próprio
QTR;R066;19/05/2026;15697;19/05/2026;32,3;APT;Próprio
QTR;R067;31/03/2026;17235;31/03/2026;38,5;APT;Próprio
QTR;R069;27/04/2026;17350;27/04/2026;38,4;APT;Próprio
QTR;R070;29/04/2026;19084;29/04/2026;40,7;APT;Próprio
QTR;R072;27/04/2026;17816;27/04/2026;38,4;APT;Próprio
QTR;R073;27/04/2026;17045;27/04/2026;38,4;APT;Próprio
QTR;R074;24/04/2026;11330;24/04/2026;30;APT;Próprio
QTR;R075;02/04/2026;15796;02/04/2026;36,2;APT;Próprio
QTR;R077;19/05/2026;19680;19/05/2026;32,3;APT;Próprio
QTR;R078;05/05/2026;16899;05/05/2026;35,4;APT;Próprio
QTR;R080;28/05/2026;16719;28/05/2026;39,5;APT;Próprio
QTR;R081;06/05/2026;14105;06/05/2026;35,1;APT;Próprio
QTR;R082;14/05/2026;18808;14/05/2026;46,9;APT;Próprio
QTR;R083;18/05/2026;15542;18/05/2026;54,3;APT;Próprio
QTR;R084;25/05/2026;19255;25/05/2026;46;APT;Próprio
QTR;T01;29/10/2025;34103;03/02/2026;230,5;APT;Próprio
QTR;T02;30/01/2026;44329;27/03/2026;231,9;APT;Próprio
QTR;T03;18/02/2026;49455;01/04/2026;199,9;APT;Próprio
QTR;T04;26/03/2026;59125;31/05/2026;238,5;APT;Próprio
QTR;T05;23/01/2026;45695;04/03/2026;221,7;APT;Próprio
QTR;T06;17/03/2026;62871;15/05/2026;219,8;APT;Próprio
QTR;T07;24/02/2026;52452;18/04/2026;231,7;APT;Próprio
QTR;T08;30/12/2025;47712;26/02/2026;220,4;APT;Próprio
QTR;T09;14/01/2026;32820;13/03/2026;226,6;APT;Próprio
QTR;T10;05/02/2026;30934;18/03/2026;224,7;APT;Próprio
QTR;T11;06/03/2026;44716;07/05/2026;250,6;APT;Próprio
QTR;T12;26/03/2026;58612;31/05/2026;137,6;APT;Próprio
QTR;V01;28/05/2026;56805;28/05/2026;20;APT;Próprio
QTR;V02;17/04/2026;62317;17/04/2026;1,1;APT;Próprio
QTR;V03;14/05/2026;65160;14/05/2026;0;APT;Próprio
QTR;V06;17/04/2026;62574;17/04/2026;1,2;APT;Próprio
QTR;V07;08/04/2026;62304;08/04/2026;0,8;APT;Próprio
QTR;V08;08/04/2026;61984;08/04/2026;0,6;APT;Próprio
QTR;V09;28/05/2026;42500;28/05/2026;20;APT;Próprio
QTR;V11;08/04/2026;62433;08/04/2026;0,7;APT;Próprio
QTR;V12;08/04/2026;58368;26/05/2026;15;APT;Próprio
QTR;V13;12/03/2026;52319;26/05/2026;23;APT;Próprio
QTR;V14;17/04/2026;62564;17/04/2026;0,7;APT;Próprio
QTR;V15;08/04/2026;58628;26/05/2026;18;APT;Próprio
QTR;V17;08/04/2026;62095;08/04/2026;0,4;APT;Próprio
QTR;V18;08/04/2026;51796;26/05/2026;20;APT;Próprio
QTR;V19;30/04/2026;61890;30/04/2026;2,8;APT;Próprio
QTR;V20;10/02/2026;48958;10/02/2026;0,8;APT;Próprio
QTR;V22;30/04/2026;62792;30/04/2026;0,5;APT;Próprio
QTR;V23;14/05/2026;59476;14/05/2026;0;APT;Próprio
QTR;V24;12/03/2026;59948;08/05/2026;14;APT;Próprio
QTR;V25;30/04/2026;56469;30/04/2026;1,4;APT;Próprio
QTR;V26;30/04/2026;62361;30/04/2026;0,7;APT;Próprio
QTR;V27;30/04/2026;62792;30/04/2026;1;APT;Próprio
QTR;V28;14/05/2026;65157;14/05/2026;0;APT;Próprio
QTR;V29;08/04/2026;59093;03/06/2026;25;APT;Próprio
QTR;V30;14/05/2026;65699;14/05/2026;0,1;APT;Próprio
QTR;V31;17/04/2026;62574;17/04/2026;0,6;APT;Próprio
QTR;V32;12/03/2026;60399;08/05/2026;10;APT;Próprio
QTR;V33;27/05/2026;69660;27/05/2026;0,1;APT;Próprio
QTR;V34;27/05/2026;69660;27/05/2026;0,1;APT;Próprio
QTR;V35;23/05/2026;41765;03/06/2026;30;APT;Próprio
QTR;V37;08/04/2026;59149;03/06/2026;29;APT;Próprio
QTR;V38;23/05/2026;56376;03/06/2026;26;APT;Próprio
QTR;V39;08/04/2026;57830;03/06/2026;27;APT;Próprio
QTR;V40;08/04/2026;32412;26/05/2026;30;APT;Próprio
QTR;V41;12/03/2026;60285;08/05/2026;10;APT;Próprio
RBK;RBE01;23/01/2026;23654;31/05/2026;245;ITA;Parceria
RBK;RBE02;23/01/2026;103857;31/05/2026;400;ITA;Parceria
RBK;RBE03;08/01/2026;108900;31/05/2026;305;ITA;Parceria
RBT;RBL01;06/03/2026;44102;20/05/2026;759;ITA;Próprio
RBT;RBL03;28/01/2026;46918;20/05/2026;616;ITA;Próprio
RIZ;RIZ01;31/03/2026;248172;13/05/2026;94;ITA;Integração
RIZ;RIZ02;10/02/2026;358751;13/05/2026;110;ITA;Integração
RIZ;RIZ03;16/01/2026;178752;13/05/2026;186;ITA;Integração
ROE;ROE01;09/09/2025;100800;27/05/2026;895;ITA;Parceria
ROE;ROE02;09/09/2025;83300;27/05/2026;916;ITA;Parceria
ROE;ROE04;09/09/2025;39000;01/06/2026;859;ITA;Parceria
ROE;ROE05;09/09/2025;17231;27/05/2026;995;ITA;Parceria
RPA;RPA01;30/04/2026;240000;31/05/2026;5;ITA;Parceria
RPA;RPA04;07/11/2025;120000;31/05/2026;595;ITA;Parceria
SFS;E200;06/01/2026;2536;30/03/2026;181;APT;Próprio
SFS;E201;04/03/2026;6148;15/04/2026;79,2;APT;Próprio
SFS;E202;18/04/2026;6019;12/05/2026;190,1;APT;Próprio
SFS;E203;09/01/2026;6253;09/03/2026;53,4;APT;Próprio
SFS;E205;16/04/2026;5708;27/04/2026;178,4;APT;Próprio
SFS;E206;02/02/2026;5473;13/03/2026;67,1;APT;Próprio
SFS;E208;20/02/2026;5830;08/04/2026;150,1;APT;Próprio
SFS;E209;09/01/2026;4019;16/02/2026;101,2;APT;Próprio
SFS;E211;04/03/2026;5770;15/04/2026;99,9;APT;Próprio
SFS;E212;20/02/2026;4291;10/04/2026;146,5;APT;Próprio
SFS;E213;05/03/2026;4394;08/06/2026;114,1;APT;Próprio
SFS;E214;07/04/2026;2823;08/06/2026;229,5;APT;Próprio
SFS;E215;14/04/2026;5915;27/04/2026;108,6;APT;Próprio
SFS;E216;18/05/2026;7701;11/06/2026;133,6;APT;Próprio
SFS;E217;21/01/2026;5968;19/02/2026;62,9;APT;Próprio
SFS;E218;18/03/2026;5127;05/05/2026;80,9;APT;Próprio
SFS;E219;20/02/2026;5723;10/04/2026;57,3;APT;Próprio
SFS;E220;27/02/2026;6598;13/04/2026;79,7;APT;Próprio
SFS;E221;10/03/2026;5590;28/04/2026;64;APT;Próprio
SFS;E222;09/01/2026;4376;16/02/2026;108,4;APT;Próprio
SFS;E223;09/12/2025;6243;11/02/2026;80,1;APT;Próprio
SFS;E224;19/03/2026;5641;08/05/2026;53,6;APT;Próprio
SFS;E225;07/04/2026;2290;08/06/2026;103,4;APT;Próprio
SFS;E226;19/11/2025;1592;03/02/2026;75,9;APT;Próprio
SFS;E229;17/03/2026;5601;21/04/2026;60,3;APT;Próprio
SFS;E230;18/03/2026;6370;05/05/2026;109,1;APT;Próprio
SFS;E232;28/04/2026;3370;15/05/2026;195;APT;Próprio
SFS;E233;10/02/2026;2275;24/03/2026;139;APT;Próprio
SFS;E234;10/02/2026;5588;17/03/2026;111,5;APT;Próprio
SFS;E236;27/02/2026;7058;13/04/2026;96,1;APT;Próprio
SFS;E237;04/03/2026;6158;17/04/2026;102,1;APT;Próprio
SFS;E238;31/03/2026;1402;21/05/2026;49,6;APT;Próprio
SFS;E239;14/04/2026;6338;24/04/2026;168,2;APT;Próprio
SFS;E240;04/03/2026;6493;21/04/2026;90,3;APT;Próprio
SFS;E241;30/01/2026;5972;27/02/2026;86,2;APT;Próprio
SFS;E242;02/02/2026;4031;12/03/2026;186,7;APT;Próprio
SFS;E243;18/03/2026;2008;08/05/2026;142,7;APT;Próprio
SFS;E244;14/04/2026;5898;23/04/2026;138,7;APT;Próprio
SFS;E245;29/01/2026;6977;25/03/2026;74,8;APT;Próprio
SFS;E246;21/01/2026;2427;19/02/2026;60,1;APT;Próprio
SFS;E248;13/03/2026;5323;29/04/2026;108,7;APT;Próprio
SFS;E249;23/05/2026;7667;10/06/2026;138,7;APT;Próprio
SFS;E250;10/12/2025;5765;03/02/2026;66,3;APT;Próprio
SFS;E251;12/02/2026;4855;30/03/2026;111,2;APT;Próprio
SFS;E252;18/04/2026;4936;15/05/2026;109;APT;Próprio
SFS;E253;19/03/2026;6046;30/04/2026;70;APT;Próprio
SFS;E256;10/02/2026;6114;08/06/2026;248;APT;Próprio
SFS;E257;02/02/2026;3557;11/03/2026;96,7;APT;Próprio
SFS;E258;17/12/2025;4994;02/02/2026;105,9;APT;Próprio
SFS;E260;29/01/2026;4097;25/03/2026;113,7;APT;Próprio
SFS;E261;12/02/2026;5601;30/03/2026;79,9;APT;Próprio
SFS;E263;29/01/2026;6669;24/03/2026;83,8;APT;Próprio
SFS;E264;13/03/2026;6298;28/04/2026;97,6;APT;Próprio
SFS;E266;05/02/2026;4939;13/03/2026;108,5;APT;Próprio
SFS;E267;17/02/2026;6490;27/03/2026;171,8;APT;Próprio
SFS;E268;27/02/2026;4969;13/04/2026;123,4;APT;Próprio
SFS;E269;30/01/2026;6678;27/02/2026;53,9;APT;Próprio
SFS;E270;14/04/2026;6101;23/04/2026;140,5;APT;Próprio
SFS;E271;10/03/2026;6920;29/04/2026;86;APT;Próprio
SFS;E272;09/01/2026;2485;20/02/2026;136;APT;Próprio
SFS;E273;04/03/2026;5103;17/04/2026;129,7;APT;Próprio
SFS;E274;29/01/2026;4069;25/03/2026;55,4;APT;Próprio
SFS;E275;17/02/2026;6639;30/03/2026;57,9;APT;Próprio
SFS;E276;14/04/2026;5967;24/04/2026;143,8;APT;Próprio
SFS;E278;21/01/2026;6657;19/02/2026;77,6;APT;Próprio
SFS;E279;05/02/2026;5677;18/03/2026;118,9;APT;Próprio
SFS;E280;10/02/2026;5426;17/03/2026;76,1;APT;Próprio
SFS;E282;12/01/2026;4913;11/02/2026;117,2;APT;Próprio
SFS;E283;07/04/2026;7454;08/06/2026;177;APT;Próprio
SFS;E285;10/12/2025;5465;03/02/2026;102,2;APT;Próprio
SFS;E286;06/01/2026;1713;05/02/2026;118,7;APT;Próprio
SFS;E288;05/02/2026;5465;13/03/2026;132,7;APT;Próprio
SFS;E289;12/01/2026;6355;11/02/2026;88;APT;Próprio
SFS;E290;18/04/2026;5256;11/05/2026;146;APT;Próprio
SFS;E291;27/02/2026;3209;13/04/2026;106,2;APT;Próprio
SFS;E292;06/01/2026;3495;02/02/2026;88,5;APT;Próprio
SFS;E295;23/04/2026;4949;15/05/2026;172;APT;Próprio
SFS;E296;05/03/2026;6408;28/05/2026;255,3;APT;Próprio
SFS;E298;31/03/2026;6832;21/05/2026;144;APT;Próprio
SFS;E299;10/12/2025;3331;03/02/2026;159,6;APT;Próprio
SFS;E300;21/01/2026;4093;20/02/2026;69,5;APT;Próprio
SFS;E301;18/03/2026;4513;08/05/2026;102,1;APT;Próprio
SFS;E302;10/12/2025;5324;03/02/2026;139,2;APT;Próprio
SFS;E303;05/03/2026;6918;08/06/2026;170,8;APT;Próprio
SFS;E304;09/01/2026;9719;13/06/2026;236,2;APT;Próprio
SFS;E305;28/04/2026;5024;15/05/2026;122,9;APT;Próprio
SFS;E306;14/04/2026;6548;23/04/2026;105,8;APT;Próprio
SFS;E307;27/01/2026;3973;18/02/2026;133,4;APT;Próprio
SFS;E308;19/03/2026;6320;05/05/2026;71,1;APT;Próprio
SFS;E309;12/01/2026;5371;09/02/2026;62,6;APT;Próprio
SFS;E310;19/05/2026;2415;13/06/2026;137,8;APT;Próprio
SFS;E311;05/05/2026;3900;22/05/2026;87,1;APT;Próprio
SFS;E313;12/01/2026;6381;11/02/2026;80,2;APT;Próprio
SFS;E315;10/02/2026;4735;24/03/2026;78,6;APT;Próprio
SFS;E316;09/01/2026;5739;19/02/2026;45;APT;Próprio
SFS;E317;21/01/2026;2882;20/02/2026;57,3;APT;Próprio
SFS;E318;30/01/2026;1707;27/02/2026;109,8;APT;Próprio
SFS;E319;22/01/2026;3211;18/02/2026;132;APT;Próprio
SFS;E320;13/03/2026;6097;29/04/2026;56,2;APT;Próprio
SFS;E321;16/01/2026;4717;27/02/2026;62,9;APT;Próprio
SFS;E323;12/01/2026;3722;11/02/2026;42,1;APT;Próprio
SFS;E324;31/03/2026;6684;21/05/2026;80,3;APT;Próprio
SFS;E325;09/01/2026;5170;16/02/2026;83;APT;Próprio
SFS;E326;22/01/2026;5810;18/02/2026;44,9;APT;Próprio
SFS;E327;21/01/2026;3427;19/02/2026;49,7;APT;Próprio
SFS;E329 ;12/01/2026;6177;11/02/2026;65,6;APT;Próprio
SFS;E331 ;02/02/2026;2829;11/03/2026;146,1;APT;Próprio
SFS;E332 ;21/01/2026;4222;20/02/2026;42,7;APT;Próprio
SFS;E333 ;29/01/2026;3130;25/03/2026;93,6;APT;Próprio
SFS;E334 ;12/01/2026;4401;11/02/2026;58,9;APT;Próprio
SFS;E335 ;13/03/2026;4921;29/04/2026;46,1;APT;Próprio
SFS;E336;16/04/2026;6299;27/04/2026;140,8;APT;Próprio
SFS;E338 ;05/02/2026;4725;13/03/2026;200,3;APT;Próprio
SFS;E339;16/01/2026;3197;27/02/2026;161,4;APT;Próprio
SFS;E340 ;05/02/2026;5800;19/03/2026;119,6;APT;Próprio
SFS;E342;12/01/2026;4728;09/02/2026;78,6;APT;Próprio
SFS;E346;19/03/2026;6465;21/04/2026;76,6;APT;Próprio
SFS;E347;05/02/2026;5457;13/03/2026;81,1;APT;Próprio
SFS;E348;05/02/2026;4588;19/03/2026;78;APT;Próprio
SFS;E350;10/03/2026;6633;29/04/2026;61,5;APT;Próprio
SFS;E352;06/01/2026;5301;04/02/2026;125;APT;Próprio
SFS;E353;27/02/2026;1520;13/04/2026;163,9;APT;Próprio
SFS;E354;12/02/2026;4917;30/03/2026;162,6;APT;Próprio
SFS;E355;05/03/2026;8177;28/05/2026;189,6;APT;Próprio
SFS;E356;06/01/2026;2748;30/03/2026;106,3;APT;Próprio
SFS;E357;06/01/2026;3126;30/03/2026;152,5;APT;Próprio
SFS;E451;05/02/2026;1368;19/03/2026;175,9;APT;Próprio
SFS;E452;31/03/2026;1955;21/05/2026;105,8;APT;Próprio
SFS;E453;10/02/2026;1647;18/03/2026;80,2;APT;Próprio
SFS;E454;10/02/2026;1572;18/03/2026;183,1;APT;Próprio
SFS;E455;31/03/2026;1936;21/05/2026;118,5;APT;Próprio
SFS;E456;16/04/2026;1744;27/04/2026;141,6;APT;Próprio
SFS;E457;06/02/2026;1713;19/03/2026;167,8;APT;Próprio
SFS;E458;16/04/2026;1411;27/04/2026;141,6;APT;Próprio
SFS;E459;13/03/2026;1375;29/04/2026;79;APT;Próprio
SFS;E460;10/03/2026;1861;29/04/2026;73,9;APT;Próprio
SFS;E461;06/11/2025;1771;03/02/2026;129,2;APT;Próprio
SFS;E462;19/11/2025;1783;03/02/2026;275,1;APT;Próprio
SFS;E463;13/01/2026;555;11/02/2026;122,4;APT;Próprio
SFS;E464;26/11/2025;673;01/05/2026;250,6;APT;Próprio
SFS;E465;31/03/2026;1696;21/05/2026;109,6;APT;Próprio
SFS;E467;10/02/2026;1610;18/03/2026;74,2;APT;Próprio
SFS;E468;10/02/2026;1367;17/03/2026;158,7;APT;Próprio
SFS;E469;19/03/2026;1757;05/05/2026;145,5;APT;Próprio
SFS;E473;04/03/2026;1816;17/04/2026;58,5;APT;Próprio
SFS;E475;19/11/2025;575;03/02/2026;93,6;APT;Próprio
SFS;E476;06/11/2025;1792;03/02/2026;292,3;APT;Próprio
SFS;E478;16/10/2025;1805;03/02/2026;144,3;APT;Próprio
SFS;E479;13/01/2026;1353;11/02/2026;67,8;APT;Próprio
SFS;E481;06/02/2026;1782;19/03/2026;79,2;APT;Próprio
SFS;E482;13/03/2026;2181;28/04/2026;87,8;APT;Próprio
SFS;E483;17/03/2026;1884;21/04/2026;86,2;APT;Próprio
SFS;E486;13/03/2026;1891;29/04/2026;73,5;APT;Próprio
SFS;E487;19/03/2026;1847;30/04/2026;96,7;APT;Próprio
SFS;E489;19/03/2026;2199;05/05/2026;99,8;APT;Próprio
SFS;E490;17/03/2026;1904;21/04/2026;60,7;APT;Próprio
SFS;E492;06/02/2026;1793;19/03/2026;187,9;APT;Próprio
SFS;E493;31/10/2025;1899;03/02/2026;143,1;APT;Próprio
SFS;E494;17/03/2026;1840;17/04/2026;74;APT;Próprio
SFS;E495;10/02/2026;1794;18/03/2026;119,2;APT;Próprio
SFS;E496;05/02/2026;1375;18/03/2026;76,2;APT;Próprio
SFS;E497;10/12/2025;1483;03/02/2026;85,7;APT;Próprio
SFS;E498;26/11/2025;888;01/05/2026;356,3;APT;Próprio
SFS;E499;17/03/2026;2383;08/05/2026;62,9;APT;Próprio
SFS;E500;27/02/2026;1382;13/04/2026;53,2;APT;Próprio
SFS;E501;12/01/2026;1867;11/02/2026;38,5;APT;Próprio
SFS;E502;13/01/2026;1052;11/02/2026;88,6;APT;Próprio
SFS;E503;19/11/2025;1750;03/02/2026;130,8;APT;Próprio
SFS;E504;19/11/2025;1203;03/02/2026;218;APT;Próprio
SFS;ET01;23/05/2026;57169;13/06/2026;100;APT;Próprio
SFS;ET03;09/01/2026;37329;09/03/2026;94;APT;Próprio
SFS;ET04;02/02/2026;27956;12/03/2026;113,3;APT;Próprio
SFS;ET05;03/12/2025;29994;03/02/2026;151,6;APT;Próprio
SFS;ET07;06/01/2026;35178;05/02/2026;77;APT;Próprio
SFS;ET10;05/05/2026;34762;22/05/2026;58,1;APT;Próprio
SFS;ET11;18/04/2026;27673;15/05/2026;139,4;APT;Próprio
SFS;ET17;20/02/2026;24083;10/04/2026;101,6;APT;Próprio
SFS;ET18;16/01/2026;39087;27/02/2026;100,8;APT;Próprio
SFS;ET19;22/01/2026;40725;18/02/2026;81,4;APT;Próprio
SFS;ET20;17/02/2026;41708;27/03/2026;109,8;APT;Próprio
SFS;M1;10/06/2026;34252;10/06/2026;50;APT;Próprio
SFS;M2;04/06/2026;39604;04/06/2026;55;APT;Próprio
SFS;M3;03/06/2026;34650;03/06/2026;30;APT;Próprio
SFS;M4;01/06/2026;40961;01/06/2026;45;APT;Próprio
SFS;M5;02/06/2026;41419;02/06/2026;41;APT;Próprio
SFS;M6;29/05/2026;55521;29/05/2026;50;APT;Próprio
SFS;R002;05/05/2026;6627;05/05/2026;50;APT;Próprio
SFS;R005;14/04/2026;5870;14/04/2026;59;APT;Próprio
SFS;R006;07/05/2026;6516;07/05/2026;44;APT;Próprio
SFS;R007;02/04/2026;4547;02/04/2026;51;APT;Próprio
SFS;R008;24/04/2026;4820;24/04/2026;44;APT;Próprio
SFS;R009;14/04/2026;5303;14/04/2026;59;APT;Próprio
SFS;R010;04/05/2026;6661;04/05/2026;51;APT;Próprio
SFS;R011;24/04/2026;4954;24/04/2026;44;APT;Próprio
SFS;R012;27/04/2026;5313;27/04/2026;46;APT;Próprio
SFS;R014;19/05/2026;7399;19/05/2026;60;APT;Próprio
SFS;R016;14/04/2026;5500;14/04/2026;59;APT;Próprio
SFS;R017;27/04/2026;5412;27/04/2026;46;APT;Próprio
SFS;R018;24/04/2026;5333;24/04/2026;44;APT;Próprio
SFS;R019;05/05/2026;5593;05/05/2026;50;APT;Próprio
SFS;R022;19/05/2026;7463;19/05/2026;60;APT;Próprio
SFS;R023;06/04/2026;4941;06/04/2026;52;APT;Próprio
SFS;R025;27/04/2026;5675;27/04/2026;46;APT;Próprio
SFS;R026;02/04/2026;4940;02/04/2026;51;APT;Próprio
SFS;R027;06/05/2026;6259;06/05/2026;36;APT;Próprio
SFS;R028;24/04/2026;5317;24/04/2026;44;APT;Próprio
SFS;R029;14/04/2026;4577;14/04/2026;59;APT;Próprio
SFS;R030;27/04/2026;4906;27/04/2026;46;APT;Próprio
SFS;R031;06/04/2026;4656;06/04/2026;52;APT;Próprio
SFS;R032;16/04/2026;2441;16/04/2026;28;APT;Próprio
SFS;R033;05/05/2026;5763;05/05/2026;50;APT;Próprio
SFS;R034;16/04/2026;4915;16/04/2026;28;APT;Próprio
SFS;R035;16/04/2026;4110;16/04/2026;28;APT;Próprio
SFS;R036;16/04/2026;4663;16/04/2026;28;APT;Próprio
SFS;R037;02/04/2026;4740;02/04/2026;51;APT;Próprio
SFS;R038;07/05/2026;6038;07/05/2026;44;APT;Próprio
SFS;R039;05/05/2026;5788;05/05/2026;50;APT;Próprio
SFS;R040;14/04/2026;4473;14/04/2026;59;APT;Próprio
SFS;R041;24/04/2026;5242;24/04/2026;44;APT;Próprio
SFS;R042;16/04/2026;5508;16/04/2026;28;APT;Próprio
SFS;R044;02/04/2026;4796;02/04/2026;51;APT;Próprio
SFS;R045;06/04/2026;4708;06/04/2026;52;APT;Próprio
SFS;R046;06/05/2026;6640;06/05/2026;36;APT;Próprio
SFS;R047;13/04/2026;5598;13/04/2026;53;APT;Próprio
SFS;R048;05/05/2026;6538;05/05/2026;50;APT;Próprio
SFS;R049;06/05/2026;6547;06/05/2026;36;APT;Próprio
SFS;R050;24/04/2026;5458;24/04/2026;44;APT;Próprio
SFS;R051;24/04/2026;5777;24/04/2026;44;APT;Próprio
SFS;R052;08/05/2026;6416;08/05/2026;44;APT;Próprio
SFS;R053;05/05/2026;6539;05/05/2026;50;APT;Próprio
SFS;R054;05/05/2026;5762;05/05/2026;50;APT;Próprio
SFS;R055;13/04/2026;5207;13/04/2026;53;APT;Próprio
SFS;R056;13/04/2026;2410;13/04/2026;53;APT;Próprio
SFS;R058;16/04/2026;5687;16/04/2026;28;APT;Próprio
SFS;R059;02/04/2026;1761;02/04/2026;51;APT;Próprio
SFS;R060;24/04/2026;5355;24/04/2026;44;APT;Próprio
SFS;R061;19/05/2026;7350;19/05/2026;60;APT;Próprio
SFS;R062;06/05/2026;6433;06/05/2026;36;APT;Próprio
SFS;R063;07/05/2026;6524;07/05/2026;44;APT;Próprio
SFS;R065;14/04/2026;5824;14/04/2026;59;APT;Próprio
SFS;R067;07/04/2026;5614;07/04/2026;52;APT;Próprio
SFS;R068;14/04/2026;5829;14/04/2026;59;APT;Próprio
SFS;R069;18/03/2026;5885;18/03/2026;41;APT;Próprio
SFS;R070 ;05/05/2026;4920;05/05/2026;50;APT;Próprio
SFS;R071;06/05/2026;6818;06/05/2026;36;APT;Próprio
SFS;R073;24/04/2026;5627;24/04/2026;44;APT;Próprio
SFS;R075 ;08/05/2026;7126;08/05/2026;44;APT;Próprio
SFS;R076;07/05/2026;5876;07/05/2026;44;APT;Próprio
SFS;R077;07/04/2026;4534;07/04/2026;52;APT;Próprio
SFS;R079;13/04/2026;5775;13/04/2026;53;APT;Próprio
SFS;R082;13/04/2026;5827;13/04/2026;53;APT;Próprio
SFS;R083;13/04/2026;5731;13/04/2026;53;APT;Próprio
SFS;R084;14/04/2026;3824;14/04/2026;59;APT;Próprio
SFS;R085;14/04/2026;4899;14/04/2026;59;APT;Próprio
SFS;R086;16/04/2026;5039;16/04/2026;28;APT;Próprio
SFS;R087;06/04/2026;4109;06/04/2026;52;APT;Próprio
SFS;R088;16/04/2026;5376;16/04/2026;28;APT;Próprio
SFS;R090;13/04/2026;5448;13/04/2026;53;APT;Próprio
SFS;R091;02/04/2026;4909;02/04/2026;51;APT;Próprio
SFS;R092;08/05/2026;5955;08/05/2026;44;APT;Próprio
SFS;R094;19/05/2026;7703;19/05/2026;60;APT;Próprio
SFS;R095;02/04/2026;5103;02/04/2026;51;APT;Próprio
SFS;R096;19/05/2026;6970;19/05/2026;60;APT;Próprio
SFS;R097;19/05/2026;7813;19/05/2026;60;APT;Próprio
SFS;R098;14/04/2026;5320;14/04/2026;59;APT;Próprio
SFS;R099;07/05/2026;7133;07/05/2026;44;APT;Próprio
SFS;R100;08/05/2026;6598;08/05/2026;44;APT;Próprio
SFS;R101;07/05/2026;6688;07/05/2026;44;APT;Próprio
SFS;R102;07/05/2026;6801;07/05/2026;44;APT;Próprio
SFS;R104;27/04/2026;5876;27/04/2026;46;APT;Próprio
SFS;R105;07/05/2026;6999;07/05/2026;44;APT;Próprio
SFS;R106;14/04/2026;5115;14/04/2026;59;APT;Próprio
SFS;R107;06/05/2026;6857;06/05/2026;36;APT;Próprio
SFS;R111;06/04/2026;5230;06/04/2026;52;APT;Próprio
SFS;R112;06/04/2026;5010;06/04/2026;52;APT;Próprio
SFS;R113;13/03/2026;6084;13/03/2026;37;APT;Próprio
SFS;R113;06/05/2026;6761;06/05/2026;36;APT;Próprio
SFS;R115;06/04/2026;5394;06/04/2026;52;APT;Próprio
SFS;R116;19/05/2026;7661;19/05/2026;60;APT;Próprio
SFS;R117;08/05/2026;7089;08/05/2026;44;APT;Próprio
SFS;R118;08/05/2026;6571;08/05/2026;44;APT;Próprio
SFS;R119;08/05/2026;6979;08/05/2026;44;APT;Próprio
SFS;R120;06/05/2026;6696;06/05/2026;36;APT;Próprio
SFS;R125;07/04/2026;5009;07/04/2026;52;APT;Próprio
SFS;R126;07/04/2026;4372;07/04/2026;52;APT;Próprio
SFS;R127;07/04/2026;4820;07/04/2026;52;APT;Próprio
SFS;R128;27/04/2026;6052;27/04/2026;46;APT;Próprio
SFS;R129;27/04/2026;6894;27/04/2026;46;APT;Próprio
SFS;R130;04/05/2026;6694;04/05/2026;51;APT;Próprio
SFS;R131;04/05/2026;6153;04/05/2026;51;APT;Próprio
SFS;R132;04/05/2026;6647;04/05/2026;51;APT;Próprio
SFS;R133;04/05/2026;6602;04/05/2026;51;APT;Próprio
SFS;R134;04/05/2026;5861;04/05/2026;51;APT;Próprio
SFS;R135;08/05/2026;4286;08/05/2026;44;APT;Próprio
SFS;R145;19/05/2026;13365;19/05/2026;110;APT;Próprio
SFS;R146;19/05/2026;13221;19/05/2026;110;APT;Próprio
SFS;R147;22/05/2026;17724;22/05/2026;110;APT;Próprio
SFS;R148;22/05/2026;13507;22/05/2026;110;APT;Próprio
SFS;R149;22/05/2026;12827;22/05/2026;110;APT;Próprio
SFS;R150;23/05/2026;13206;23/05/2026;110;APT;Próprio
SFS;R151;23/05/2026;13126;23/05/2026;110;APT;Próprio
SFS;R2-074;17/03/2026;5848;21/04/2026;53,3;APT;Próprio
SFS;V01;12/05/2026;59973;12/05/2026;0,1;APT;Próprio
SFS;V02;12/05/2026;6000;12/05/2026;0,1;APT;Próprio
SFS;V03;22/04/2026;54868;27/05/2026;27;APT;Próprio
SFS;V04;15/05/2026;35000;10/06/2026;50;APT;Próprio
SFS;V05;12/05/2026;64944;12/05/2026;0,1;APT;Próprio
SFS;V06;12/05/2026;64944;12/05/2026;0,1;APT;Próprio
SFS;V07;27/05/2026;139993;27/05/2026;0;APT;Próprio
SFS;V09;28/03/2026;67702;27/05/2026;33;APT;Próprio
SFS;V10;04/06/2026;44842;09/06/2026;24;APT;Próprio
SFS;V12;28/03/2026;84868;27/05/2026;28;APT;Próprio
SFS;V13;22/04/2026;69911;27/05/2026;12;APT;Próprio
SFS;V14;10/04/2026;69924;27/05/2026;23;APT;Próprio
SFS;V15;04/06/2026;54843;09/06/2026;24;APT;Próprio
SFS;V17;22/04/2026;69825;27/05/2026;13;APT;Próprio
SFS;V18;22/04/2026;69908;27/05/2026;12;APT;Próprio
SFS;V19;10/04/2026;68751;27/05/2026;23;APT;Próprio
SFS;V20;10/04/2026;69557;27/05/2026;21;APT;Próprio
SFS;V21;15/05/2026;51326;27/05/2026;33;APT;Próprio
SFS;V22;08/05/2026;50636;27/05/2026;34;APT;Próprio
SFS;V23;08/05/2026;41604;27/05/2026;33;APT;Próprio
SLU;SLU01;21/07/2025;24723;27/05/2026;933;ITA;Próprio
SLU;SLU02;09/07/2025;22201;27/05/2026;936;ITA;Próprio
SLU;SLU03;15/10/2025;17359;27/05/2026;1005;ITA;Próprio
SLU;SLU04;21/07/2025;19000;03/06/2026;885;ITA;Próprio
SLU;SLU05;20/03/2026;34733;27/05/2026;403;ITA;Próprio
SLU;SLU06;21/05/2026;27814;27/05/2026;217;ITA;Próprio
SLU;SLU07;08/04/2026;11356;27/05/2026;333;ITA;Próprio
SLU;SLU08;23/03/2026;12155;27/05/2026;422;ITA;Próprio
SLU;SLU09;17/02/2026;79335;27/05/2026;187;ITA;Próprio
SLU;SLU10;15/05/2026;30265;27/05/2026;42;ITA;Próprio
SLU;SLU11;05/03/2026;29994;27/05/2026;192;ITA;Próprio
SLU;SLU12;16/03/2026;54976;27/05/2026;188;ITA;Próprio
SLU;SLU13;15/05/2026;26453;27/05/2026;52;ITA;Próprio
SLU;SLU14;15/05/2026;25632;27/05/2026;33;ITA;Próprio
SLU;SLU15;18/12/2025;30795;27/05/2026;768;ITA;Próprio
SLU;SLU16;19/12/2025;30719;27/05/2026;811;ITA;Próprio
SON;SON01;23/03/2026;24266;26/05/2026;365;ITA;Integração
SON;SON02;15/04/2026;20854;26/05/2026;235;ITA;Integração
SON;SON03;15/04/2026;21313;26/05/2026;227;ITA;Integração
SON;SON04;08/05/2026;39860;26/05/2026;86;ITA;Integração
SON;SON05;23/10/2025;48971;26/05/2026;778;ITA;Integração
SON;SON06;20/11/2025;54680;26/05/2026;778;ITA;Integração
SON;SON09;28/05/2026;80325;28/05/2026;51,9;ITA;Integração
SON;SON10;16/04/2026;63234;26/05/2026;104;ITA;Integração
SON;SON11;30/01/2026;47017;26/05/2026;467;ITA;Integração
SON;SON12;16/03/2026;80098;27/05/2026;316;ITA;Integração
SON;SON13;25/03/2026;57891;27/05/2026;243;ITA;Integração
SON;SON14;17/03/2026;74995;27/05/2026;319;ITA;Integração
SON;SON15;16/04/2026;71975;27/05/2026;92;ITA;Integração
SON;SON16;06/02/2026;70588;27/05/2026;382;ITA;Integração
SON;SON17;10/04/2026;79367;27/05/2026;185;ITA;Integração
SON;SON18;05/05/2026;81877;27/05/2026;74;ITA;Integração
SON;SON19;05/03/2026;86346;28/05/2026;766;ITA;Integração
SON;SON20;16/01/2026;41851;27/05/2026;512;ITA;Integração
SON;SON21;19/03/2026;69120;27/05/2026;297;ITA;Integração
SON;SON22;16/01/2026;25675;26/05/2026;635;ITA;Integração
SON;SON23;26/05/2026;66441;26/05/2026;56,8;ITA;Integração
SON;SON24;30/04/2026;39750;26/05/2026;3;ITA;Integração
SON;SON25;30/04/2026;57000;26/05/2026;3;ITA;Integração
SON;SON26;30/04/2026;95000;26/05/2026;3;ITA;Integração
SON;SON27;30/04/2026;85500;30/04/2026;0,7;ITA;Integração
SOP;SOP02;08/05/2026;24972;26/05/2026;236;ITA;Próprio
SOP;SOP03;30/03/2026;19150;26/05/2026;346;ITA;Próprio
SOP;SOP04;23/04/2026;33221;26/05/2026;271;ITA;Próprio
SOP;SOP05;02/06/2025;29318;26/05/2026;729;ITA;Próprio
SOP;SOP06;02/06/2025;33441;26/05/2026;888;ITA;Próprio
SOP;SOP07;01/04/2026;37435;26/05/2026;291;ITA;Próprio
SOP;SOP08;03/02/2026;38704;26/05/2026;595;ITA;Próprio
SOP;SOP09;20/05/2026;29964;20/05/2026;208;ITA;Próprio
SOP;SOP10;21/05/2026;28947;21/05/2026;206,4;ITA;Próprio
SOP;SOP11;30/03/2026;38920;26/05/2026;317;ITA;Próprio
SOP;SOP13;18/02/2026;48421;26/05/2026;540;ITA;Próprio
WBA;WBA03;10/11/2025;72000;14/05/2026;360;ITA;Parceria
WBA;WBA04;26/02/2026;117000;08/04/2026;142;ITA;Parceria
WBA;WBA05;09/09/2025;104000;14/05/2026;927;ITA;Parceria
WBA;WBA06;27/04/2026;208000;14/05/2026;15;ITA;Parceria
WBA;WBA07;26/02/2026;72000;14/05/2026;124;ITA;Parceria
WRR;WRR001;12/12/2025;27000;19/05/2026;348;ITA;Parceria
WRR;WRR002;24/10/2025;41492;19/05/2026;870;ITA;Parceria
WRR;WRR003;12/12/2025;45000;19/05/2026;312;ITA;Parceria
WRR;WRR004;14/11/2025;22838;19/05/2026;768;ITA;Parceria
WRR;WRR005;24/10/2025;7151;19/05/2026;968;ITA;Parceria
WRR;WRR006;17/11/2025;22908;19/05/2026;858;ITA;Parceria
WRR;WRR007;24/10/2025;10679;19/05/2026;858;ITA;Parceria
WRR;WRR008;24/10/2025;10545;19/05/2026;765;ITA;Parceria
WRR;WRR009;24/03/2026;198000;31/05/2026;4;ITA;Parceria
WRR;WRR011;01/04/2026;90000;31/05/2026;1;ITA;Parceria
ZIM;ZIM01;02/03/2026;59760;13/05/2026;517;ITA;Parceria
ZIM;ZIM02;02/03/2026;93600;13/05/2026;519;ITA;Parceria
ZIM;ZIM03;09/09/2025;40000;13/05/2026;645;ITA;Parceria
